phase_index,phase_fraction,generated_tip_x_mm,generated_tip_y_mm,generated_tip_z_mm,target_tip_x_mm,target_tip_y_mm,target_tip_z_mm,tip_error_mm,generated_wrist_x_mm,generated_wrist_y_mm,generated_wrist_z_mm,target_wrist_x_mm,target_wrist_y_mm,target_wrist_z_mm,wrist_error_mm,L6_mm
0,0.0,-574.2510242439835,-338.67633725255473,-285.71294797458575,-574.2510242439835,-338.67633725255473,-285.71294797458575,53.5417376604616,-342.961326937742,-69.47962535519501,-7.408712368359759e-14,-342.961326937742,-69.47962535519501,-7.408712368359759e-14,46.0670512556972,246.68770758322
1,0.013157894736842105,-586.5921134870856,-350.9495895928805,-246.6589247934313,-585.1983266123448,-349.563464131395,-251.06963634761138,59.37826176338187,-342.0302212996417,-68.69558852346508,13.73092574421472,-342.13537918253337,-68.78413664299103,12.180172508148084,49.900922951721945,246.71954366052464
2,0.02631578947368421,-597.8944624172996,-361.53752376881505,-203.79744048766872,-594.7821171778977,-358.6219080210586,-215.60027346127552,64.08677465640122,-340.34260799279923,-67.34402842455215,28.6188888135444,-340.8073286693536,-67.71620961145324,24.519167483993996,53.006964220524914,246.7430301948934
3,0.039473684210526314,-607.5549028457268,-370.2290932986863,-157.50586937718958,-602.9667973128223,-366.1011408988889,-179.49147294385904,67.74507837440531,-337.740510380503,-65.49711266323911,44.46907063620958,-338.97634414404473,-66.37428223807062,36.94122473136706,55.453034396954926,246.7566580988115
4,0.05263157894736842,-614.9832801475701,-376.9172711997316,-108.32833448695173,-609.7631376064872,-372.21728887991685,-142.8868566937349,70.43377649348805,-334.09754575631393,-63.264601352447485,61.00737595813826,-336.6575657765235,-64.83345371324775,49.38541497522027,57.31190986496168,246.75952485562172
5,0.06578947368421052,-619.6609146482723,-381.58064436634277,-56.96247022492997,-615.2053312295396,-377.138645284671,-105.88995548705925,72.25412499906164,-329.344970716312,-60.77617444891787,77.89281423971487,-333.8719371865089,-63.14647372057543,61.80894133042032,58.63159153054275,246.75137156258515
6,0.07894736842105263,-621.1966860656312,-384.2621219912583,-4.230416463220138,-618.6109009629362,-380.53383199910115,-68.49284106218647,72.5641437633954,-323.49206759264484,-58.164729846885734,94.74236714122651,-330.41180670613545,-61.33476497224168,74.10244941409785,59.301939351700184,246.73258183749968
7,0.09210526315789473,-619.3725703912905,-385.04970580983286,48.96441362313173,-620.419352226373,-382.9048866152769,-30.920853164440096,71.8591359860151,-316.6352844089996,-55.553529141164006,111.1650093555301,-326.4545264615244,-59.48651786531283,86.2139315298639,59.49439508118184,246.7041432490729
8,0.10526315789473684,-614.1731046921141,-384.0616337889958,101.69141845922618,-620.8201016498551,-384.42471682905546,6.75153182666479,70.337349551036,-308.9533200861656,-53.04839919933488,126.7983708705837,-322.0765007370781,-57.62565356676233,98.13278322654898,59.26425217335892,246.66757416776403
9,0.11842105263157894,-605.7954835624396,-381.4358084072916,153.05295227801446,-619.5263951136982,-384.98329014115063,44.47857970006379,67.74123824503954,-300.68922753356225,-50.734743760940034,141.34037962578688,-317.2135058368787,-55.77372747033718,109.7801145183487,58.5704989692077,246.62482097756953
10,0.13157894736842105,-594.638821543717,-377.3218978821622,202.2443606630232,-616.1030150164501,-384.4283811635391,82.12048619581876,63.676602131531325,-292.1240745295874,-48.67823756550112,154.5697071794227,-311.80467118944654,-53.97824015189757,120.99566198902347,57.39282443214001,246.57813231718427
11,0.14473684210526316,-581.2734292795245,-371.8739122761142,248.60686110498565,-611.2479806906598,-383.1448025395562,119.62477364434915,58.8023528466198,-283.54840099935666,-46.9277825103799,166.3522619560024,-306.06783563876866,-52.24056497656585,131.8758478990604,55.84423107424578,246.5299183277706
12,0.15789473684210525,-566.393938372566,-365.24116966563713,291.6667496769976,-604.911878733133,-381.109987727124,156.94889946512512,53.0662058187501,-275.23719646323315,-45.51942530968097,176.63477026429143,-300.01086956723134,-50.57186898685982,142.3881390448008,53.90991033232405,246.4826036968256
13,0.17105263157894737,-550.7629341873674,-357.55603544167997,331.1566959733506,-596.5303997833026,-378.0193989461792,193.90410642573394,45.959021693937906,-267.43200992658643,-44.48025431228936,185.4291796613338,-293.57627026822786,-49.02691195953917,152.32671477875533,51.553502669721674,246.43848355657965
14,0.18421052631578946,-535.1533747039718,-348.9172064285347,367.0183572487677,-586.5087858311148,-374.0079422074322,230.44621040061207,37.841287249951904,-260.3312507546948,-43.83164379444261,192.79256866272803,-286.9075772744202,-47.613453096019605,161.73691852838732,48.840691004621895,246.39959100761803
15,0.19736842105263158,-520.297922310576,-339.36714595213215,399.3891221456723,-575.0694755396887,-369.10841253012535,266.5605369675324,28.90921029860382,-254.0877233707607,-43.59150498810004,198.80670675465439,-280.08307219295847,-46.34057270750858,170.63951924679245,45.784145040690184,246.36758421476446
16,0.21052631578947367,-506.8513747066711,-328.86122138978885,428.57828668994046,-562.2332830372111,-363.1955432725418,302.1781700441155,19.191969179588455,-248.8113803317489,-43.775405647468574,203.56009408889335,-273.15961458670273,-45.24281912984655,178.97566314267405,42.39580192421784,246.3436597162383
17,0.2236842105263158,-495.3690063427445,-317.2241763766589,455.0381190406097,-548.1144565035256,-356.09028326076947,337.24135260280036,8.914539577536992,-244.57508542113771,-44.39654841476815,207.1339035764625,-266.2272224228075,-44.370204410890835,186.67852763097912,38.71523402030648,246.32849688166525
18,0.23684210526315788,-486.2993130264724,-304.08740493574385,479.3316296497241,-532.9884709053814,-347.5254640800268,371.73578961183347,3.589097131450278,-241.42151537349682,-45.46468946564033,209.5921486110132,-259.4213736407476,-43.79664806356395,193.66901658606744,34.8231470610474,246.32223645688953
19,0.25,-479.984559618852,-288.8000157619346,502.08928441435387,-517.3828608593283,-337.0895787576718,405.7170072551864,13.538811140501931,-239.3698591165751,-46.98417240316053,210.97572174809252,-252.94387108617013,-43.631372598640354,199.83718807886174,30.85912375337454,246.324493968543
20,0.2631578947368421,-476.6560512204383,-270.3136802040229,523.9277744036946,-502.20342342719823,-324.1506585038265,439.28897003775063,23.275648593330537,-238.42147431862304,-48.95137044304914,211.29963705013725,-247.09656926438592,-44.02683821159667,205.00673748630643,27.010301194123308,246.33440656369655
21,0.27631578947368424,-476.4025652680024,-247.07214932804953,545.2717040652385,-488.8692093505277,-307.80970727372835,472.44806683941925,30.660124428897554,-238.5640329881211,-51.35196246328442,210.5527487128602,-242.31507900243926,-45.162031849281455,208.8956052266206,23.532454718715627,246.35070976599337
22,0.2894736842105263,-479.085159689709,-217.02805544023562,565.9851621064536,-479.6103773059394,-286.7218296892677,504.544311025861,33.43527011780927,-239.7739173365268,-54.15857201036306,208.69930995675261,-239.26324414832146,-47.205319723345596,211.01213546931513,20.718076889816377,246.37183876896677
23,0.3026315789473684,-484.1989383254861,-178.1002238930915,584.7665706146165,-476.54227947975113,-259.882216848426,533.5075400962808,29.67977495088607,-242.0167471694605,-57.32931593329593,205.68191422687528,-238.48545872416102,-50.02882475638399,210.96441221651483,18.681398036279955,246.3960473745556
24,0.3157894736842105,-490.8101774768916,-129.52880777581845,598.6126767387518,-478.03716360268066,-228.76523515624737,557.8931364165585,22.13122719256592,-245.24598582111022,-60.80770402329537,201.42559468099324,-239.30125771544277,-53.062127538789305,209.42338384143315,16.6642438165563,246.42153661310405
25,0.32894736842105265,-497.89969815924024,-73.95411159740613,603.3741769114444,-482.0608973682854,-194.37572272687223,576.9141734960878,14.252295963320472,-249.399649618177,-64.52411229158389,195.84313415404446,-241.07903312581865,-56.00364643235253,206.9434697446338,13.992682834967342,246.4465845158194
26,0.34210526315789475,-505.23180060858454,-18.10281954123495,596.1901619164558,-486.9727267619722,-157.72176997780656,590.5757946009127,9.838584840366222,-254.39530943725768,-68.39877621251048,188.84193458907683,-243.37159527364616,-58.788696306731694,203.89614764545502,10.49886328504817,246.4696684856937
27,0.35526315789473684,-513.8977225371868,30.22736668565397,577.8135023464345,-492.06550558572906,-119.68830072622913,599.4557866293678,8.729300889976367,-260.1238937581209,-72.3459920531754,180.33305287867242,-245.98146726657671,-61.4657614537101,200.4371188827066,8.075607077583374,246.4895722286363
28,0.3684210526315789,-525.6267654804799,66.47620927356743,551.7069993433743,-497.04140612971923,-80.6822559826457,602.7977264248889,6.150038268622112,-266.44332692783405,-76.27903506527156,170.24310600336506,-248.89678677454236,-64.07418573970008,196.5189741141881,11.317765885056268,246.50547022980925
29,0.3815789473684211,-541.6223107540981,90.44328918245775,521.1305805470009,-502.09996114340754,-41.95918023056012,599.2587472008499,2.966466184149761,-273.1737358424222,-80.11522796232316,158.52949094895257,-252.2614597421549,-66.7437495041834,191.83243196041488,18.34612998031809,246.51698422621521
30,0.39473684210526316,-562.0677814671117,104.52116939798678,487.55024300902295,-507.7008641576634,-4.332755361548825,590.9543496541258,11.536499508961512,-280.09665714639345,-83.78061267444195,145.19854285942696,-256.027477237868,-69.52340286306516,186.41761437852406,26.035876608754744,246.52420794329853
31,0.40789473684210525,-586.2716559895443,111.8227236152552,450.85112421140855,-514.2765354777456,31.3980956802502,576.9703405285345,23.561586058446277,-286.9609919128748,-87.21376549566119,130.3247735242539,-260.32799251308813,-72.4730175569577,180.00717782949783,32.90799085183965,246.52769841674956
32,0.42105263157894735,-612.9696886918451,115.25007181502143,410.14601798828073,-524.0432429052224,61.58230097751691,555.2316037860592,32.54826475688411,-293.49784005661314,-90.36842163722264,114.06743524151175,-265.59014861350335,-75.7480401299453,171.6053363863081,37.74082992439216,246.52843438220467
33,0.4342105263157895,-640.5682166161017,117.18463757916021,364.4314006828341,-537.6829539151843,84.54071577637315,528.6608911700248,37.10070353066864,-299.44436250435257,-93.2147186344545,96.6791121932783,-271.51618169638766,-79.1704566234356,161.4143009872268,40.778418573532115,246.52774434969805
34,0.4473684210526316,-667.3151255098442,119.38605239392054,312.94918521887257,-554.9100205596808,99.59264013687904,499.30639333989717,36.79468301125,-304.5736171538978,-95.73901540988822,78.50103603258015,-277.6730095732786,-82.49739705317482,149.86557843095147,42.60895645407668,246.52720895273353
35,0.4605263157894737,-691.4232458810884,122.92254765551127,255.3294457309469,-574.4031470063513,108.24236453933105,468.8467480410175,33.59084292050322,-308.7240282311383,-97.94238463347932,59.9423036056903,-283.59502590755113,-85.53029927782279,137.61821180434544,43.87242122445753,246.52854384978863
36,0.47368421052631576,-711.1672381041557,128.1020274315669,191.62398828302645,-594.7558661241766,112.91188035783662,437.9156889079759,30.224140536770243,-311.8206246031113,-99.8379992797461,41.44488776364647,-289.03829827803173,-88.21626503957735,125.15845000676498,44.84422012507059,246.53347075256522
37,0.4868421052631579,-724.9809801594705,134.4282202181276,122.32373037407362,-615.1217460634476,115.40092393746038,406.5813177465803,28.394825279523328,-313.8818280930263,-101.44772799728426,23.441376848849455,-293.96153353708354,-90.5903680559401,112.71154159028308,45.53483440109184,246.54358497813965
38,0.5,-731.588872182843,140.62942202232136,48.40870039321545,-634.5606355781139,116.7635259664946,374.38244839221915,28.855985087738834,-315.01006502645066,-102.79830815715813,6.315110222588419,-298.14993783079564,-92.59514356450944,100.46416044344826,46.10322214094588,246.56022821837286
39,0.5131578947368421,-730.1862567092484,144.81786560737245,-28.58431201381999,-652.620753814493,118.17662637492703,341.2327828761927,30.493764085114893,-315.3696486238464,-103.91747605034615,-9.62874268422349,-301.7556775317922,-94.35220262957934,88.48781278023617,46.37007757015441,246.58437496912484
40,0.5263157894736842,-720.6330258016969,144.81729800430264,-106.54630323162937,-669.6293850495803,119.7255383335266,307.4179770726706,31.884678123685703,-315.15868073643395,-104.83040403677506,-24.17684210390466,-304.9720359555887,-95.95052788646184,76.71949010934135,46.16786738940623,246.61654027745618
41,0.5394736842105263,-703.5727976042522,138.63005478527012,-182.90732578961513,-684.3139636183666,121.87966489865332,272.321023075681,32.749685534060866,-314.5819551867883,-105.5567342682056,-37.2067214533109,-307.5001068552676,-97.29262955103053,65.4151179615727,45.747839590317554,246.65671519368638
42,0.5526315789473685,-680.3944101524171,124.93271561157601,-254.89445749554199,-697.263280502167,124.45457526520622,236.48614024114624,32.44614735752596,-313.82967963887324,-106.10842066302001,-48.67531510663091,-309.63996406698715,-98.50308456879878,54.470991233929155,44.894536569419685,246.7043346337924
43,0.5657894736842105,-653.0250523720542,103.44934494092828,-319.8912483357086,-708.5840848341381,127.42438382386348,199.9587241796653,30.836153564293642,-313.0638888429246,-106.48850705788466,-58.60216812320216,-311.4154895648772,-99.5899915254442,43.864948492976836,43.6752041778635,246.75828036866903
44,0.5789473684210527,-623.6213502019122,75.07589620369313,-375.8242783122551,-716.9682482761673,130.75867966656543,162.52170018157815,28.42130708890385,-312.41205968001435,-106.69088852178218,-67.05176129696669,-312.68621644373655,-100.51399660380395,33.88440563429636,42.21906985346228,246.816919682077
45,0.5921052631578947,-594.2458347592104,41.698752507866544,-421.4904569014954,-724.4842386286631,134.20073061564366,124.8157644703523,24.614228948914228,-311.96619541211317,-106.70102935762301,-74.11779432680125,-313.80770731005623,-101.38984222642415,24.088782275700016,40.444166124299656,246.8781780124193
46,0.6052631578947368,-566.598012781678,5.752890027166387,-456.7206226439506,-728.1984974719363,137.44771177345487,86.33299569293065,20.96378520567972,-311.78538466695073,-106.49754702312968,-79.91070815140598,-314.4311896523581,-102.10535300551633,15.102248549991963,38.619017060739836,246.93964175223206
47,0.618421052631579,-541.8512023495406,-30.32165684098078,-482.2999915689371,-731.5775752211837,140.66315663275688,47.78858238826541,16.038314650694673,-311.9001523607848,-106.05451650854236,-84.54860945522661,-315.01296118879134,-102.80732217205937,6.186695059358806,36.68012732972224,246.9986854561303
48,0.631578947368421,-520.6222239218297,-64.52077160354801,-499.6705465526693,-730.8678836554078,142.78241393598697,8.831867196098202,13.044438583680124,-312.317431733074,-105.34430535505857,-88.15114324106165,-315.1949023202471,-103.37359570135901,-1.8805323076239455,34.93995106385076,247.05261612267148
49,0.6447368421052632,-503.05702223383224,-95.48693865206627,-510.5481334222194,-729.9978055526922,144.8178544105893,-30.12222390505291,9.897497248794311,-313.02547157050145,-104.34071731641218,-90.83562555550199,-315.36548698023455,-103.93548486187389,-9.915724773096246,33.376422564272566,247.0988260676439
50,0.6578947368421053,-488.97647894652994,-122.49768285993372,-516.5997833124186,-725.2322965881593,144.81757126894396,-69.01258169464883,11.068712793652164,-313.99835638620505,-103.02220536753813,-92.7147449988057,-315.2602483056519,-104.39088749428184,-17.172861010283174,32.31361521949426,247.1349452686586
51,0.6710526315789473,-478.02247723184894,-145.3265647887369,-519.2533388167691,-720.3349658361194,144.70920041735707,-107.8804098737966,13.03531261890589,-315.20004668192854,-101.374914930158,-93.89524637302434,-315.1486047400589,-104.84309378284837,-24.404487674961285,31.688341896796164,247.15898397562947
52,0.6842105263157895,-469.7687286684207,-164.07484623082024,-519.6315233210324,-711.7905541106368,141.6103934789462,-146.12491686181096,16.325685643059828,-316.5879640983448,-99.39533694503483,-94.47714637564872,-314.85975863016245,-105.20686761249368,-30.930347271104644,31.787896055630213,247.1694568571225
53,0.6973684210526315,-463.7887639189473,-179.03112219930176,-518.5652770073457,-703.1184100497703,138.3615330659324,-184.31855669590604,19.39534411092142,-318.1161843079256,-97.09238640693532,-94.55316118997209,-314.56720762735506,-105.56754949132247,-37.4315509948097,32.378462281301275,247.16548096275807
54,0.7105263157894737,-459.6896458210871,-190.57616729162493,-516.6420126174037,-691.2328679814509,131.33773551697513,-221.23251734335852,21.61660671835866,-319.73828909733055,-94.48877101555793,-94.20813512648252,-314.1814515996636,-105.8504463005898,-43.31248005487701,33.64893580232057,247.14684126822414
55,0.7236842105263158,-457.12421602178574,-199.12807890167505,-514.2602338996038,-679.102828708563,123.91889851245668,-257.9617069952527,23.610777619825495,-321.4098931883449,-91.6215702653456,-93.51834681334851,-313.7935413710389,-106.12635723787895,-49.14377108045976,35.20777181745464,247.1140194441252
56,0.7368421052631579,-455.79266437637796,-205.1157728169369,-511.6770175981576,-664.4419781202072,112.41097457561462,-292.77831639023077,24.400668584348015,-323.09082027296955,-88.54200015495722,-92.55063821497035,-313.38333282572194,-106.3299568214167,-54.461254598211156,37.15578970659301,247.06818364101895
57,0.75,-455.4405130994843,-208.96949508126363,-509.0443354086915,-649.3098536618539,99.86432018647568,-326.9584645530418,25.105507287357117,-324.74687021137123,-85.31438568646792,-91.36136560485514,-312.98152932059975,-106.51407823763917,-59.66978598571623,39.08883912938942,247.01113938156536
58,0.7631578947368421,-455.85685075890734,-211.11994952894648,-506.4347611393335,-632.5190906573407,83.66187565718133,-358.89860069733277,25.612730214921577,-326.35110354622327,-82.01439694242626,-89.99521267005608,-312.6093071789617,-106.62964665066235,-64.49486262553131,41.00930336483529,246.9452439583552
59,0.7763157894736842,-456.87433519508534,-212.00049413157888,-503.8587089406146,-615.0403266856163,65.32593775549736,-389.1640460224757,26.792563141794833,-327.88457340206503,-78.72662153726795,-88.4839349567585,-312.28181611797714,-106.69385081025656,-69.11585429013316,42.60907906420173,246.87328891335824
60,0.7894736842105263,-458.3709741116458,-212.0489570735374,-501.2755146148911,-596.7859847903193,44.58493003767539,-417.54162593747907,29.28471359308623,-329.3364571226837,-75.54154600958873,-86.84512235132944,-312.0047500422843,-106.70015246255961,-73.50678261347284,43.7051603527402,246.79835709023658
61,0.8026315789473685,-460.27274707907554,-211.70700376496174,-498.600289587122,-577.8130037763931,20.33387670835659,-442.4299493364824,33.84722601052214,-330.7035763933692,-72.55200352055397,-85.08107351967966,-311.85872826994387,-106.58008707097797,-77.5608855712079,44.133956962901564,246.7236622877315
62,0.8157894736842105,-462.5555958087543,-211.4158695972125,-495.70797372320766,-558.604527122426,-5.899576210667181,-464.98303364173574,39.66908093510583,-331.9893394772713,-69.84912075792995,-83.17787590648263,-311.82245586516933,-106.35444340682017,-81.40880010401462,43.454525029234745,246.652380607343
63,0.8289473684210527,-465.24512944565157,-211.6078677072761,-492.4355693673512,-539.2463793401946,-34.51793229230056,-484.43138104963265,46.150272970514266,-333.2021867986059,-67.51777329494898,-81.10478092918288,-311.95135307748274,-105.9673726848116,-84.99064499307616,41.28046311355856,246.58748311630518
64,0.8421052631578947,-468.4125816838385,-212.69354013710245,-488.58322710047025,-520.0329204605205,-65.55967054415295,-500.0354839844608,52.234402116424505,-334.3536659137018,-65.63155136830493,-78.81396049308273,-312.34118610460655,-105.31063549373799,-88.24120623878994,37.035530032253256,246.53157940451533
65,0.8552631578947368,-472.1661308574488,-215.04475313269643,-483.9147094165807,-501.357483157062,-98.74716905207603,-511.27857508611464,56.557878309220136,-335.4562979228462,-64.24726864453869,-76.24073068778566,-313.14289997704424,-104.18157128528419,-91.06243760803788,30.16674003971392,246.48678100306884
66,0.868421052631579,-476.63759858155504,-218.97451865303208,-478.1577996570435,-483.6404211488461,-133.6183889362648,-517.892418269888,58.59644405563711,-336.52141627170573,-63.399140980930895,-73.304331411691,-314.5837396132592,-102.21975552204911,-93.28980639893615,20.8502579203271,246.45459248819216
67,0.881578947368421,-481.965601285757,-224.714902157862,-471.00542906532485,-467.541928108475,-169.64421747238978,-519.2344778554104,61.04603932453099,-337.5571478794541,-63.09294490729836,-69.90935293110758,-317.1570379576371,-98.53777143041891,-94.50545253432873,12.345789989400163,246.43583648563026
68,0.8947368421052632,-488.277138998399,-232.39506687449943,-462.1185678452404,-455.9044571886864,-204.61306520935898,-511.8938961669579,65.49143023057216,-338.5666480365303,-63.30074654003586,-65.94789566937787,-322.94969501754014,-88.80055100015254,-92.63188393013345,11.878676548441284,246.4306168129882
69,0.9078947368421053,-495.6700053127238,-242.02226929278845,-451.13208554590017,-466.66993615562365,-212.09623288108966,-490.7026803770178,42.377995481866286,-339.5465776722111,-63.95714489890085,-61.30253335536062,-333.7201536205841,-66.66929904640996,-80.07430719722063,21.420957022510972,246.43832176946748
70,0.9210526315789473,-504.1980146626308,-253.4693213047274,-437.6646289097759,-486.17739160275613,-229.83999921966054,-465.07508407819194,23.829545480912422,-340.4856242587131,-64.95831082632482,-55.8501274179048,-338.2308035209416,-63.23161426878651,-67.26580898099546,20.745831281393208,246.45766723728747
71,0.9342105263157895,-513.8598550706029,-266.4723743301289,-421.3329970788958,-503.2525049313227,-252.20017411832146,-439.15778056838235,17.131232937103192,-341.3626597606118,-66.16525650284925,-49.4665354395932,-340.38151113579545,-64.84731046408392,-56.454641632346025,20.69357472832362,246.48677693726265
72,0.9473684210526315,-524.5907808907367,-280.64240544430476,-401.7706540733242,-519.193914015479,-273.5159214089773,-411.60907461026557,21.211761991017106,-342.1440155427808,-67.41251509402593,-42.03230742504633,-341.75105102049633,-66.78523570654079,-45.77117763879278,24.55080737964957,246.52329502144522
73,0.9605263157894737,-536.2551650644664,-295.49204417155653,-378.64927846893903,-534.3533596081762,-293.0709027263846,-382.419075281735,29.676906807994335,-342.77951486069225,-68.52255069921874,-33.43959775208078,-342.6759006404924,-68.34156628210853,-34.840585742271244,30.228080051696697,246.56452431745015
74,0.9736842105263158,-548.638085201176,-310.47627825524205,-351.7020034819926,-548.6771378026322,-310.52072406660767,-351.60754685858876,38.49635995122848,-343.19750274594463,-69.32475245583532,-23.600696650653003,-343.1978159335997,-69.32582469793522,-23.56669724036307,36.09369883723309,246.60758207334553
75,0.9868421052631579,-561.4361419192986,-325.04176156569827,-320.7473121516358,-561.9833991014622,-325.62402360145745,-319.25117610195133,46.48844065234258,-343.3001385044813,-69.676140447887,-12.458637862043846,-343.28566961911815,-69.66774830715917,-11.926594033842221,41.420351540401796,246.6495640756531
