phase,evaluation,round,region_id,score,tip_rmse_mm,wrist_rmse_mm,combined_rmse_mm,stage
primary,19610,-1,0,608.9496374785352,615.5806642721183,254.33561078853484,470.9703584838856,feasibility_cma
primary,19628,-1,0,607.6039468335389,614.2203200167515,217.3302797100372,460.70546556358744,initial_pool_backtrack
primary,19634,-1,0,592.6365385273749,599.0899273200891,225.72451643621602,452.6921129955509,initial_pool_backtrack
primary,19636,-1,0,554.94989582988,560.992903989933,198.80466310266368,420.8540913418936,initial_pool_backtrack
primary,19665,-1,0,541.6377329564863,547.535781167044,177.70109239295732,407.04613368502555,initial_pool_backtrack
primary,19704,-1,0,458.08870916052274,463.0769681516259,163.41639568803276,347.2356525561349,initial_pool_backtrack
primary,19758,-1,0,440.63087983123074,445.4290355249255,135.5533993172669,329.2276945786394,initial_pool_backtrack
primary,19901,-1,0,430.8202880461743,435.5116133995851,133.59810207775908,322.117073658545,initial_pool_backtrack
primary,20244,-1,0,380.1813234984784,384.3212266815674,134.5005674117106,287.91770344327284,initial_sobol_pool
primary,21105,-1,0,297.16728486138106,300.4032244314438,62.76844009313568,217.0045786619881,initial_pool_backtrack
primary,22510,-1,0,261.33705924696034,264.1828332410107,92.40024994918282,197.9019650861496,initial_sobol_pool
primary,24934,-1,0,253.65923092459633,256.4213988497886,97.02954127931349,193.8642123613283,initial_pool_backtrack
primary,27451,0,0,253.65923092459605,256.4213988497883,97.02954127931356,193.86421236132807,cmaes
primary,27468,0,0,243.78901882640756,246.4437071886717,95.60947147468572,186.9166550211143,cmaes_backtrack
primary,27588,0,0,240.41939138625787,243.03738691143857,99.3582913764588,185.65996001021543,cmaes_backtrack
primary,27881,0,0,227.280338746743,229.7552593692837,97.02954127931356,176.35505534109427,cmaes
primary,30034,0,0,214.06371046658558,216.39471144314462,96.62638046647206,167.5758463243036,cmaes_backtrack
primary,31544,0,0,213.30186497147335,215.6245699945089,87.76071892809848,164.61454822113015,cmaes
primary,31691,0,0,204.6049591815951,206.83296110971997,101.12353960192328,162.79718066206902,cmaes
primary,32746,0,0,201.6580466387821,203.85395879325895,100.28367949065638,160.64440993677374,split_probe
primary,32759,0,0,199.1185020984173,201.2867604259531,103.23356210783763,159.95863257143677,split_probe
primary,32761,0,0,194.43384004102612,196.55108574336342,107.18850234991176,158.30619751436143,split_probe
primary,33117,1,1,193.95195618333378,196.06395451450098,104.9777058312358,157.25996467863934,cmaes_backtrack
primary,33470,1,1,191.02993737237938,193.11011700486566,107.61536564674479,156.32111855554817,cmaes_backtrack
primary,33484,1,1,187.4688325383966,189.51023428168554,110.3056003129015,155.05072453537412,cmaes_backtrack
primary,34343,1,1,185.06071958956474,187.07589870210901,112.26044140417024,154.2721598012112,cmaes_backtrack
primary,34985,1,1,184.64672864416957,186.65739969088665,106.2702592374037,151.87882152846132,cmaes
primary,35579,1,1,184.13130914597784,186.1363676423425,104.05895113321236,150.78960950614197,cmaes
primary,35636,1,1,183.2770133145216,185.27276913920474,105.31836458461659,150.69498482578524,cmaes
primary,36181,1,1,180.89152049773745,182.86130000876435,106.47621395543716,149.6252638747537,cmaes
primary,43290,1,2,177.48442401402244,179.4171026768324,107.03667633240227,147.7283771203699,cmaes_backtrack
primary,43761,1,2,174.12026764987326,176.0163130517113,107.35917025579768,145.7870602939976,split_probe
primary,43896,1,2,173.2475615170271,175.1341037721455,107.90440554777842,145.45672043720094,split_probe
primary,43928,1,2,172.84817354872644,174.7303667540125,102.04662792483968,143.08077323110606,split_probe
primary,44006,1,2,169.9071634965277,171.75733120207423,107.03667633240227,143.10386246000917,split_probe
primary,44529,2,3,166.73370205482388,168.54931303095609,108.77032735008656,141.84473031285336,cmaes_backtrack
primary,44634,2,3,163.17448301462733,164.95133663650938,107.09447630558806,139.06503930416733,cmaes_backtrack
primary,45205,2,3,161.06788489448277,162.82179916679803,110.51478063731878,139.14822137423783,cmaes_backtrack
primary,45742,2,3,153.94980488697982,155.62620834679745,113.06321494063401,136.01986490419847,cmaes_backtrack
primary,71838,2,3,152.5435407144661,154.20463095874385,113.12302333272365,135.232922428413,split_probe
primary,71882,2,3,152.44376635707167,154.1037701290255,113.27645552475077,135.23965273585696,split_probe
primary,71884,2,3,152.44304376999025,154.1030396723862,113.54515838847419,135.35185597126608,split_probe
primary,71908,2,3,152.07299628071888,153.7289626310281,113.06321494063401,134.9368084036451,split_probe
primary,71925,2,3,151.95291834296066,153.60757712990352,113.06321494063401,134.8676727841614,split_probe
primary,71927,2,3,149.87804537942068,151.51011027110633,113.06321494063401,133.67610872380075,split_probe
primary,72125,2,3,148.50351449336463,150.12061159562467,115.8463559366663,134.08313877898513,split_probe
primary,73069,3,7,148.31684344214227,149.93190775917643,116.4165848959524,134.22443556063604,cmaes_backtrack
primary,73107,3,7,148.18538903862725,149.79902190116977,116.39585492477973,134.14123528247663,cmaes_backtrack
primary,73122,3,7,147.2273259907669,148.71422092850588,141.9707492162073,145.38158951425672,cmaes_backtrack
primary,73221,3,7,147.00067975763758,148.60141205245392,114.81178646347244,132.7857785587696,cmaes_backtrack
primary,73271,3,7,144.59475966601707,146.16929286107862,115.04275870042935,131.53003175114227,cmaes_backtrack
primary,73964,3,7,135.36310672327158,136.83221594034006,124.43618635556508,130.7811526823739,cmaes_backtrack
primary,96258,3,12,133.50242622385636,134.956154799535,112.4125806543982,124.19692429295026,cmaes
primary,97094,3,12,132.24348011528156,133.6835018931264,111.132919203711,122.9264097115589,cmaes
primary,105773,3,8,131.27090218676784,132.69972935224246,116.89489226836862,125.04725908349992,cmaes_backtrack
primary,107855,3,8,130.97917630307546,132.40119086807698,120.20362430451108,126.44956828559162,cmaes
primary,126900,3,8,130.9682825269855,132.39032003410273,120.13031840070914,126.40903891294303,sqp_sensitivity_probe
primary,126902,3,8,130.96573421587485,132.38739080889167,120.28256033933634,126.47987106052153,sqp_sensitivity_probe
primary,126906,3,8,130.96389550619867,132.3855953602382,120.25411234146469,126.4654051389516,sqp_sensitivity_probe
primary,126914,3,8,130.93203704324998,132.35344059299518,120.20362430451105,126.42457145021997,sqp_sensitivity_probe
primary,126946,3,8,130.71986715882775,132.13855828979968,120.17747075550392,126.2996893584794,sqp_sensitivity_probe
primary,126956,3,8,130.7095079348526,132.12848823159388,120.00254517260973,126.21122820547836,sqp_sensitivity_probe
primary,127051,3,8,129.59396814304722,130.99265206277363,120.96846166407042,126.08021972500393,slsqp
primary,127052,3,8,129.3348425152025,130.73044341668628,120.7692597833014,125.84844644358934,slsqp
primary,127104,3,8,128.28412198851373,129.64574616892327,121.71242593297809,125.74166796688272,slsqp
primary,127105,3,8,128.03974514718013,129.39813147080844,121.51465982785543,125.51830340873805,slsqp
primary,127157,3,8,127.32132409850175,128.64360829226365,121.9327386111898,125.33309758335605,slsqp
primary,127158,3,8,127.07212849331462,128.39041167099953,121.73494726870506,125.10694464250001,slsqp
primary,127210,3,8,126.26168208425733,127.46747574504019,122.72964826164132,125.12098931681808,slsqp
primary,127211,3,8,126.02657029613138,127.22711809144653,122.53344362167515,124.90233061004331,slsqp
primary,127263,3,8,125.53577452373192,126.7365359582279,122.0032661741386,124.39241637625845,slsqp
primary,127264,3,8,125.3065394832075,126.50273767363767,121.80636991769074,124.17675787249904,slsqp
primary,127316,3,8,124.64627161948921,125.64727392417392,122.51441643124973,124.09073228502214,slsqp
primary,127317,3,8,124.4269278215168,125.42215686305934,122.31839264001295,123.87999558084071,slsqp
primary,127371,3,8,124.36894086788783,125.35922634273138,122.2829631461784,123.83064787252341,slsqp
primary,127425,3,8,124.29463385047465,125.27662642913765,122.24632979676561,123.77075235742348,slsqp
primary,127477,3,8,123.82156410722837,124.71406243923958,122.13843723379061,123.43296808391823,slsqp
primary,127538,3,8,123.65551843811497,124.55856580955042,121.93027577000174,123.25142690022047,slsqp
primary,127723,3,8,122.09503033918378,122.87968491825579,120.75399961457039,121.82147878868791,slsqp
primary,127783,3,8,120.86268158640287,121.93592631903898,118.19078710405775,120.07795860098308,slsqp
primary,127895,3,8,120.75204863495028,121.8138054508057,118.15592367409621,119.99880311420941,split_probe
primary,127906,3,8,120.68597332127116,121.58120488925461,118.94803991481118,120.2718287503321,split_probe
primary,127961,3,8,120.68103767561227,121.72638625945812,118.19078710405783,119.97161178392061,split_probe
primary,127963,3,8,120.40167912988235,121.39805208150659,118.19078710405783,119.80515265517779,split_probe
primary,127968,3,8,120.32988514873747,121.31232388536054,118.19078710405783,119.76172611219191,split_probe
primary,127970,3,8,120.04193875033914,120.96201310747978,118.19078710405783,119.58442785599391,split_probe
primary,128087,3,8,119.97613407143538,120.48876194845802,119.27242795070923,119.88213758756828,split_probe
primary,128118,3,8,119.68374722937617,120.3952096730928,118.53252586364509,119.4674980901577,split_probe
primary,128179,3,8,119.49408124758996,118.1854411625786,120.26074546256882,119.22760880351096,split_probe
primary,130381,4,16,119.32972123073013,119.16489513910835,119.48134502588971,119.32322498723873,cmaes_backtrack
primary,130481,4,16,118.9431991757801,119.32562961230003,118.46307669490585,118.89513535547819,cmaes_backtrack
primary,131153,4,16,118.26758220714713,117.71272012299266,118.69528322534593,118.20502260627313,cmaes_backtrack
primary,132458,4,16,118.2165604760761,116.37816386701503,119.12620044296024,117.76019840556091,cmaes_backtrack
primary,133303,4,16,117.27941993520672,114.93999479733507,118.28238607746668,116.6231650663587,cmaes_backtrack
primary,217008,4,16,117.2619292758256,114.79389189082114,118.28509541767703,116.55256628107873,sqp_sensitivity_probe
primary,217010,4,16,117.19590874960993,114.99228218905098,118.17514721801135,116.59457616682901,sqp_sensitivity_probe
primary,217063,4,16,117.17682529659494,115.06012627948918,118.139962996052,116.61021292356972,sqp_sensitivity_probe
primary,217064,4,16,117.08471349422312,115.27789053691498,117.98241766135203,116.6379932180305,sqp_sensitivity_probe
primary,217070,4,16,117.02234375006132,115.47030947423272,117.85530903643806,116.66890382220404,sqp_sensitivity_probe
primary,217159,4,16,117.00010982740125,115.20861673793152,117.89389616486568,116.55898962242193,split_probe
primary,217172,4,16,116.33921144974757,115.26997260077644,117.01178737963764,116.14414528757202,split_probe
primary,217174,4,16,115.46589002055866,116.05076455871972,114.60153910945465,115.32842824065379,split_probe
primary,220171,5,32,115.41723979934558,115.83949697073888,114.86750911915692,115.35452680686923,cmaes_backtrack
primary,220233,5,32,114.87954294612192,114.33033390515826,115.30103125364346,114.81670840739741,cmaes_backtrack
primary,220481,5,32,113.79408470654738,114.63304473681671,112.17570541657733,113.41103083770062,cmaes_backtrack
primary,220498,5,32,113.29150735819914,113.80276810998654,112.57431644491851,113.19020883569395,cmaes_backtrack
primary,224412,5,32,112.80149107287582,113.6051744482494,111.3026709474225,112.45981553747852,cmaes
primary,225090,5,32,112.62227717948467,113.31399222567289,111.4782121171553,112.39985011323931,cmaes
primary,225449,5,32,111.8354774699241,111.24392741970134,112.27836565925277,111.7623433515794,cmaes
primary,226107,5,32,110.52523119624412,111.59141110274277,107.31289745759963,109.47305831264293,cmaes
primary,236664,5,31,110.45329501266748,110.97985546284627,109.69700971203183,110.3402969415885,cmaes_backtrack
primary,236757,5,31,108.34606410581542,105.58889376555976,109.35319864176735,107.48752611308089,cmaes_backtrack
primary,303594,5,31,108.31680665808688,105.53437740435423,109.32650633430204,107.44717260446842,sqp_sensitivity_probe
primary,303595,5,31,108.27671553408386,105.60520688777743,109.27371211228667,107.45511593360546,sqp_sensitivity_probe
primary,303648,5,31,108.21030167664624,105.66301624985891,109.19182863140365,107.44191091675486,sqp_sensitivity_probe
primary,303649,5,31,108.1532966749071,105.88005599426644,109.096517872788,107.50031737003512,sqp_sensitivity_probe
primary,303655,5,31,107.99050244908292,106.01079481182774,108.88355953512452,107.45677771475016,sqp_sensitivity_probe
primary,303746,5,31,107.60871454093673,106.00978788495453,108.41913042708242,107.22122683959964,slsqp
primary,303747,5,31,107.374043197482,106.49360082359641,107.95155735845758,107.22505712866712,slsqp
primary,303801,5,31,107.32344309831926,106.46937865245867,107.88954041357398,107.18181170630778,slsqp
primary,303862,5,31,107.32304692018775,106.46925606425971,107.88902477094896,107.18149129607998,slsqp
primary,303976,5,31,107.21750166299714,105.89152937508035,107.95319972749292,106.9273335606885,slsqp
primary,304219,5,31,107.07494997663525,105.9386941505117,107.74960834674947,106.84798785469376,slsqp
primary,304220,5,31,106.90653316839361,106.42026428187336,107.28402484945606,106.85301735964802,slsqp
primary,304277,5,31,106.84652126639105,105.91161152661904,107.44555438586953,106.68134001186034,slsqp
primary,304338,5,31,106.8191436058821,105.90935568132974,107.4078613361313,106.6612401428842,slsqp
primary,304399,5,31,106.79201872783028,105.90734517167013,107.37021074950694,106.64128637095676,slsqp
primary,305366,5,31,106.58434074642913,106.35592700080427,106.78555078435014,106.57095538775428,split_probe
primary,305429,5,31,106.51080986946381,104.66916184814886,107.37021074950687,106.02828773112273,split_probe
primary,305629,5,31,106.50162804416982,105.6315974673953,107.07306462262774,106.35477316791017,split_probe
primary,305631,5,31,105.97947366267636,105.15721682376972,106.52923636985811,105.84544971718533,split_probe
primary,306401,6,57,105.75709058493383,106.30588040932817,104.93615011244137,105.62323563028924,cmaes_backtrack
primary,309608,6,57,105.64949287409281,105.47217661523737,105.80983976258251,105.64114309902939,cmaes_backtrack
primary,309738,6,57,105.21395710864226,104.25364325307086,105.8196136310113,105.0395467444407,cmaes
primary,310752,6,57,104.42388897008742,105.32850257140169,102.26855528549163,103.80980409892754,cmaes
primary,311899,6,57,104.40815254045782,103.25678941737358,105.080668894341,104.17272084395692,cmaes
primary,382031,6,57,104.39940639375138,103.20198378425881,105.0869013329893,104.14870687813614,sqp_sensitivity_probe
primary,382033,6,57,104.37531516686315,103.307788787665,105.01895686803444,104.16688659513368,sqp_sensitivity_probe
primary,382036,6,57,104.37090891365341,103.27079828413278,105.02596067601336,104.1520767775697,sqp_sensitivity_probe
primary,382086,6,57,104.31532642768573,103.31917983753914,104.93270877197315,104.12906965042347,sqp_sensitivity_probe
primary,382087,6,57,104.24060260955349,103.42221429504681,104.7855795097507,104.1061287410229,sqp_sensitivity_probe
primary,382184,6,57,103.92814108542203,102.88775016851926,104.56093512002012,103.72771637299428,slsqp
primary,382185,6,57,103.78370204045333,103.37992969933714,104.10772132353837,103.74446371691218,slsqp
primary,382186,6,57,103.77816842371047,103.07959606226717,104.26710307264754,103.67504981315966,slsqp
primary,382247,6,57,103.77416955778145,103.07758187975801,104.26213312827214,103.67154935332007,slsqp
primary,382309,6,57,103.64631672580816,103.55713403341805,103.73091249334557,103.64405968485947,split_probe
primary,382365,6,57,103.59159034544642,102.43928921063343,104.26213312827215,103.3547298831489,split_probe
primary,384853,7,61,103.47586355332565,102.93051952554164,103.88453547026268,103.40862768567759,cmaes_backtrack
primary,384898,7,61,103.25208472970871,102.25350168313082,103.8678920200326,103.06385787255198,cmaes_backtrack
primary,384935,7,61,103.15507400018326,101.4213659936296,103.97718338512635,102.70722502511194,cmaes_backtrack
primary,387875,7,61,103.11929152951363,103.47691794713532,102.66099604932461,103.0697643775264,cmaes_backtrack
primary,388701,7,61,103.02521473832101,103.33131015197215,102.64830371439291,102.99037312575702,cmaes_backtrack
primary,389807,7,61,102.7275936094328,103.16719877117438,102.12377508424929,102.64681276042948,cmaes_backtrack
primary,390879,7,61,102.70971019581374,102.39160188514907,102.97576169578612,102.68409719482904,cmaes
primary,391141,7,61,101.80672755696989,102.1553364484116,101.3615916257924,101.75923796344507,cmaes_backtrack
primary,468752,7,61,101.76606494316255,102.10739258027495,101.33271373616046,101.72079062973565,sqp_sensitivity_probe
primary,468797,7,61,101.71575195146949,102.02211010544711,101.33730376611331,101.68028345002166,sqp_sensitivity_probe
primary,468816,7,61,101.71244540045511,101.96347415475135,101.4150620354082,101.68963779400617,sqp_sensitivity_probe
primary,468908,7,61,101.60824871908494,102.20039639240319,100.66215564972185,101.43419197394232,split_probe
primary,468921,7,61,101.59407680757786,101.73044980366164,101.44509639592779,101.58787329212676,split_probe
primary,468923,7,61,101.50625442831878,101.18932270775545,101.77096860095062,101.48056237533854,split_probe
primary,469083,7,61,101.33229827572849,101.04641554907785,101.57495120595276,101.31102804682372,split_probe
primary,469199,7,61,101.28487773865578,100.67201011464185,101.72747163388438,101.20111685536207,split_probe
primary,471858,8,76,101.07276207867916,100.38596480905798,101.55206897722826,100.97070031499521,cmaes_backtrack
primary,471984,8,76,100.90910440839181,101.13069192882682,100.65185992592639,100.89155999525329,cmaes_backtrack
primary,474139,8,76,100.54930267608526,98.78938437506821,101.36485565925231,100.08540460033628,cmaes_backtrack
primary,476021,8,76,100.33559522724217,99.24186097869438,100.97763600857895,100.11351043789135,cmaes_backtrack
primary,479435,8,76,100.31342170705295,99.91909149031349,100.62921015118019,100.27477943107137,cmaes_backtrack
primary,489573,8,75,100.3031127972977,99.92883074558321,100.60592878490446,100.26795131260211,cmaes
primary,556097,8,75,100.29710855872185,99.98932800036557,100.55491216313544,100.27251885262626,sqp_sensitivity_probe
primary,556100,8,75,100.28767965294905,99.95502416965347,100.5626852432485,100.25931507867156,sqp_sensitivity_probe
primary,556143,8,75,100.27725684005352,99.93364744283959,100.55969127549871,100.24715806608526,sqp_sensitivity_probe
primary,556151,8,75,100.2540916346678,100.19741210356743,100.30882160675719,100.2531323310857,sqp_sensitivity_probe
primary,556153,8,75,100.23380568157341,100.01129634915625,100.4289784157012,100.22035497607293,sqp_sensitivity_probe
primary,556248,8,75,100.06226656584951,99.24235275471432,100.60021050388464,99.92358814043122,slsqp
primary,556249,8,75,99.95575971414029,99.51308850622709,100.3014638478341,99.9080538146614,slsqp
primary,556301,8,75,99.71696077759853,99.12890730129118,100.14469929263171,99.63809778182141,slsqp
primary,556302,8,75,99.6462966160219,99.41599108947639,99.84728883394531,99.63187334330352,slsqp
primary,556303,8,75,99.63848395667645,99.22121485381737,99.96831379721019,99.59546485790624,slsqp
primary,556354,8,75,98.70337320713604,98.5623827346813,98.8327164194327,98.69764213288433,slsqp
primary,556355,8,75,98.69281339478498,98.83968081539768,98.53073822659728,98.68533041736228,slsqp
primary,556356,8,75,98.66476415365085,98.67121058906304,98.6582910736067,98.66475104280082,slsqp
primary,556366,8,75,98.64728147004219,98.43689686628785,98.8327164194327,98.63500519467772,slsqp
primary,556375,8,75,98.59966597572077,98.3109552609363,98.84331723074993,98.57749562018829,slsqp
primary,556407,8,75,98.49421663170665,98.43580423964748,98.55052496190565,98.49318130351305,slsqp
primary,556409,8,75,98.46456595414969,98.54825823680872,98.37613720581496,98.46223533174043,slsqp
primary,556419,8,75,98.43382647519324,98.30770287788937,98.55052496190565,98.42918879934591,slsqp
primary,556428,8,75,98.37653346843236,98.16777418291991,98.56064518121867,98.36440582488882,slsqp
primary,556460,8,75,98.09518586912377,97.906132095005,98.26374968179985,98.08510387243311,slsqp
primary,556461,8,75,98.0851073213737,98.20089809483277,97.96000774226665,98.08052687332146,slsqp
primary,556462,8,75,98.05762174552203,98.02495532094197,98.08961665157331,98.0572913161619,slsqp
primary,556472,8,75,98.0459970253106,97.79273833410186,98.26374968179985,98.0285269001058,slsqp
primary,556481,8,75,98.01165751028665,97.69367432401748,98.27554106468409,97.98503960932914,slsqp
primary,556513,8,75,97.72888634631107,98.01952211648374,97.37093215687275,97.69576537660718,slsqp
primary,556515,8,75,97.72215521686023,98.1138049105702,97.19688603877319,97.65642162618823,slsqp
primary,556517,8,75,97.6662752105827,97.94258628818858,97.32978700618172,97.63666741416353,slsqp
primary,556519,8,75,97.66231422802119,97.7891783742457,97.52413459671452,97.65674640276558,slsqp
primary,556525,8,75,97.63829112771263,97.86623941999426,97.37093215687275,97.61889993057174,slsqp
primary,556534,8,75,97.56735425863218,97.73459451683038,97.37984169264033,97.55737935556935,slsqp
primary,556566,8,75,97.33987373342718,97.50612400735443,97.15355257538637,97.32999793731618,slsqp
primary,556568,8,75,97.32027430628145,97.59911459985274,96.97975390522923,97.2899271204219,slsqp
primary,556570,8,75,97.26721156081038,97.40855574895717,97.11161085034387,97.26019662494602,slsqp
primary,556587,8,75,97.23722563110746,97.3081177895713,97.16291987338388,97.23554593375486,slsqp
primary,556619,8,75,97.06322400729381,97.1831064979826,96.93321995458531,97.05824364617939,slsqp
primary,556621,8,75,97.04473342741787,97.28569123460608,96.75895966027483,97.0226828982115,slsqp
primary,556623,8,75,97.00234644803447,97.10537170817268,96.8919299348159,96.9987095302707,slsqp
primary,556631,8,75,96.99962666399281,97.06328724590351,96.93321995458531,96.99827540153689,slsqp
primary,556640,8,75,96.96484697652573,96.98776051583167,96.94158715246698,96.96467658254645,slsqp
primary,556672,8,75,96.79358530520729,96.84350244452757,96.74199175505046,96.79276040711274,slsqp
primary,556674,8,75,96.77529855361742,96.95834081434475,96.56745492174423,96.76309524693218,slsqp
primary,556676,8,75,96.73771565377155,96.77383256344348,96.70072873263156,96.73728755355762,slsqp
primary,556684,8,75,96.73199849772386,96.72193977346662,96.74199175505046,96.73196628384113,slsqp
primary,556693,8,75,96.71126792597605,96.66978103235665,96.75166305167261,96.71073070789033,slsqp
primary,556725,8,75,96.52472746142494,96.53511372860125,96.51427030558476,96.52469257970589,slsqp
primary,556727,8,75,96.50422268069347,96.65277881066123,96.33969614790573,96.49636445403891,slsqp
primary,556729,8,75,96.47070957642998,96.46823151353992,96.47318363556431,96.47070760632796,slsqp
primary,556790,8,75,96.46901841975456,96.46543214177476,96.47259631810434,96.46901429644461,slsqp
primary,556851,8,75,96.46732877844937,96.46263396154362,96.47200924480863,96.46732171706952,slsqp
primary,556912,8,75,96.46564065136405,96.45983697259375,96.47142241560316,96.46562986802374,slsqp
primary,556973,8,75,96.4639540373404,96.45704117465127,96.47083583041965,96.46393874912052,slsqp
primary,557034,8,75,96.46226893522773,96.45424656746405,96.47024948918367,96.46224836018104,slsqp
primary,557100,8,75,96.42042137964683,96.25712088229457,96.56796501644973,96.41266822354551,split_probe
primary,557183,8,75,96.41817815306318,96.36427256233996,96.47024948918371,96.41727558631362,split_probe
primary,557203,8,75,96.40602489357333,96.33898624174802,96.47024948918371,96.4046402062501,split_probe
primary,557357,8,75,96.39704538826555,96.44278280590457,96.3498985655379,96.39635187323307,split_probe
primary,557369,8,75,96.33789255097616,96.33741783624087,96.33836711838727,96.33789247848331,split_probe
primary,557376,8,75,96.30323869253732,96.10480544229777,96.47884629619607,96.29200748698443,split_probe
primary,557378,8,75,96.10606622744966,95.36934925292768,96.6006456937276,95.98697183829687,split_probe
primary,559440,9,91,96.105906905423,96.06009092061667,96.15038689356042,96.10524951182036,cmaes_backtrack
primary,559508,9,91,96.06743296765633,95.55469744503107,96.45043285760562,96.00360983377375,cmaes_backtrack
primary,560145,9,91,95.9201477388554,95.83358727500962,96.00205057028442,95.91785590727184,cmaes_backtrack
primary,560830,9,91,95.48872193139152,95.58014955714378,95.3914231988786,95.48583300488488,cmaes_backtrack
primary,631443,9,91,95.48735714390243,95.6233753082795,95.33791774965994,95.48075320762034,sqp_sensitivity_probe
primary,631451,9,91,95.48710585239618,95.57967242779168,95.38851599869292,95.48414204944416,sqp_sensitivity_probe
primary,631460,9,91,95.47298077409579,95.5503723215747,95.3914231988785,95.47093083944213,sqp_sensitivity_probe
primary,631464,9,91,95.47233550993886,95.54914578396809,95.3914231988785,95.47031706230351,sqp_sensitivity_probe
primary,631468,9,91,95.4662331803145,95.53752297445303,95.3914231988785,95.46450103572971,sqp_sensitivity_probe
primary,631506,9,91,95.43146172636025,95.3983973341094,95.46381978533438,95.43111416598732,sqp_sensitivity_probe
primary,631659,9,91,95.34590641815181,95.29897814019975,95.3914231988785,95.34521187367986,split_probe
primary,631661,9,91,95.33727035418285,95.28110749734698,95.3914231988785,95.33628130420372,split_probe
primary,631666,9,91,95.3093705265673,95.22261097607934,95.3914231988785,95.30705446347946,split_probe
primary,631716,9,91,95.26354648695049,95.12384768362402,95.3914231988785,95.25772939254021,split_probe
primary,634790,10,98,95.02963569125339,95.13127807578356,94.92064603140639,95.0260204137572,cmaes_backtrack
primary,642054,10,98,94.9584427730141,95.14498560626214,94.74550633413926,94.94545606959886,cmaes
primary,719276,10,98,94.93158771109242,95.1007477357521,94.74100635115639,94.92104746664201,sqp_sensitivity_probe
primary,719302,10,98,94.92777247315973,95.0903502533834,94.74550633413922,94.91808489909482,sqp_sensitivity_probe
primary,719329,10,98,94.91076328232356,94.90423932593747,94.91725910861177,94.91074944053008,sqp_sensitivity_probe
primary,719340,10,98,94.90634541406284,94.99482281434382,94.81234540115433,94.9036279654165,sqp_sensitivity_probe
primary,719444,10,98,94.86842894620194,94.91531785140921,94.82003296127097,94.8676873693318,split_probe
primary,719486,10,98,94.8662820851812,94.81351865155503,94.91725910861177,94.86540306081064,split_probe
primary,719493,10,98,94.77657566995802,94.6213654720565,94.91725910861177,94.76942777206115,split_probe
primary,719495,10,98,94.71542946271298,94.48223749542083,94.91725910861177,94.69999809617858,split_probe
primary,719500,10,98,94.70283112625475,94.45264040308562,94.91725910861177,94.68523474070798,split_probe
primary,721329,11,114,94.62241626317368,94.29103742797409,94.89372631145613,94.59286186736595,cmaes_backtrack
primary,721987,11,114,94.60100457385525,94.44872819474081,94.73925014395861,94.59410070253745,cmaes_backtrack
primary,722106,11,114,94.54612018897991,94.45923796582356,94.62824653692813,94.54378001682007,cmaes_backtrack
primary,722328,11,114,94.52050518223079,94.81206126840421,94.15826679374615,94.48572952453166,cmaes_backtrack
primary,723886,11,114,94.488835663955,93.8908864330226,94.91513713702864,94.4044008850215,cmaes_backtrack
primary,724701,11,114,94.45576199047325,93.71943935082575,94.94727874577366,94.33535671597565,cmaes_backtrack
primary,727104,11,114,94.44585400165506,93.97973727169267,94.80087469871667,94.39119890460698,cmaes_backtrack
primary,730784,11,115,94.42891895127059,94.85548171567358,93.83029526320315,94.34428101557711,cmaes_backtrack
primary,730892,11,115,94.05672230201665,94.07845826653653,94.03466520358762,94.05656428383736,cmaes_backtrack
primary,749908,11,117,93.78909082352585,92.99201567635221,94.30527894298902,93.65094931730779,cmaes_backtrack
primary,801462,11,117,93.77103691002182,92.9318933613956,94.3042322231639,93.62057738268395,sqp_sensitivity_probe
primary,801463,11,117,93.76359147817787,93.0229000251131,94.255786643485,93.64137238652675,sqp_sensitivity_probe
primary,801507,11,117,93.73054838262985,92.77085691725372,94.30891627929456,93.54304779869148,sqp_sensitivity_probe
primary,801517,11,117,93.61810992278326,93.14349690005511,93.97724368466562,93.56129901123008,sqp_sensitivity_probe
primary,801614,11,117,93.34131879500544,92.94456828280883,93.65394026334641,93.29992845690765,slsqp
primary,801615,11,117,93.2200432337655,93.10538357417973,93.32645323915372,93.21598394238802,slsqp
primary,801667,11,117,92.97998807713005,92.46413932876088,93.36145139414866,92.91387858719087,slsqp
primary,801668,11,117,92.84633411376178,92.63391456137441,93.03195647951812,92.83314885688992,slsqp
primary,801722,11,117,92.8110161502845,92.61597449644614,92.98322724391043,92.79978254451638,slsqp
primary,801783,11,117,92.81074977878097,92.61584320849786,92.98285553132092,92.79953080694848,slsqp
primary,801844,11,117,92.81042993476288,92.61570373892658,92.98239500860326,92.79923049409555,slsqp
primary,802259,11,117,92.70204594124044,92.35539134189214,92.98239500860329,92.66942346710154,split_probe
primary,802261,11,117,92.66974207353624,92.27215647231678,92.98239500860329,92.62795647532025,split_probe
primary,802314,11,117,92.62801446755796,92.1600937717521,92.98239500860329,92.57215743827643,split_probe
primary,802316,11,117,92.50047314916704,91.77807553538472,92.98239500860329,92.38219777239206,split_probe
primary,805304,12,121,92.47531506986617,91.97075787200919,92.8500659409648,92.4114577549593,cmaes_backtrack
primary,805867,12,121,92.26361878135077,91.55778029792201,92.7377894151344,92.14967368007433,cmaes_backtrack
primary,808460,12,121,92.17953098568056,91.59613348964895,92.59544502503627,92.0971446615966,cmaes_backtrack
primary,819626,12,122,92.1581627554988,92.12372886859698,92.19180469854028,92.15777306941766,cmaes_backtrack
primary,821716,12,123,91.96286708045074,92.07346717655767,91.84319478023669,91.95840305636331,cmaes_backtrack
primary,825380,12,123,91.86618815574981,92.20118127638074,91.43050249546995,91.81665049252821,cmaes_backtrack
primary,826794,12,123,91.73811142666581,92.21883231850123,91.01534825453331,91.61906638926699,cmaes_backtrack
primary,898059,12,123,91.6196184804026,92.04459595781367,91.01652805720795,91.53200539872839,sqp_sensitivity_probe
primary,898104,12,123,91.61431108433135,92.00799602795968,91.07270362981814,91.54154433787353,sqp_sensitivity_probe
primary,898515,12,123,91.43879328468326,91.9852988276566,90.5513594631636,91.2711452241078,split_probe
primary,898578,12,123,91.41029591428683,91.68396861273314,91.07270362981825,91.37884724329079,split_probe
primary,898583,12,123,91.35120829059838,91.58473769767662,91.07270362981825,91.32907950263414,split_probe
primary,898603,12,123,91.31581854774925,91.523950373405,91.07270362981825,91.29860579000703,split_probe
primary,898614,12,123,91.22745703779157,91.36725661604142,91.07270362981825,91.2200990132829,split_probe
primary,899516,13,143,90.91861968669501,90.88424538135706,90.95219424439452,90.91822616067913,cmaes_backtrack
primary,902490,13,143,90.83854815577092,90.24543881681781,91.25751157953414,90.75288603380284,cmaes_backtrack
primary,904994,13,143,90.7988346669671,90.8145410650564,90.78295521677073,90.79874951437111,cmaes
primary,906079,13,143,90.73635616576031,90.46493465031571,90.96464377030863,90.71513329523647,cmaes
primary,981221,13,143,90.70705237009174,90.46158615194354,90.91669898988447,90.68942806177235,sqp_sensitivity_probe
primary,981275,13,143,90.70635396317488,90.73070411490609,90.68158489715088,90.70614783091006,sqp_sensitivity_probe
primary,981284,13,143,90.7057392809601,90.29355552562882,91.02578774360587,90.66041088535779,sqp_sensitivity_probe
primary,981374,13,143,90.67554880634692,90.67656924274637,90.6745276459613,90.67554845009975,slsqp
primary,981428,13,143,90.65247231131993,90.63792670657486,90.66687234998916,90.65240068358827,slsqp
primary,981482,13,143,90.62921424923105,90.61964746859752,90.63871782841858,90.62918315011059,slsqp
primary,981536,13,143,90.60500654032501,90.58479075778101,90.6249420928993,90.60486864946144,slsqp
primary,981590,13,143,90.58737141902925,90.58076884988687,90.59394380881638,90.58735656887117,slsqp
primary,981644,13,143,90.56951862966768,90.56411490272954,90.57490212098952,90.56950867246005,slsqp
primary,981705,13,143,90.5693714845094,90.56397640773199,90.57474639025057,90.56936155907925,slsqp
primary,982374,13,143,90.54279960524866,90.40726675721672,90.66664501419739,90.537048771873,split_probe
primary,982422,13,143,90.51462476631441,90.45187698848963,90.57474639025052,90.51333253835885,split_probe
primary,982477,13,143,90.49220764476806,90.40463519596257,90.57474639025052,90.48973076701375,split_probe
primary,982479,13,143,90.48687260816025,90.39327017080333,90.57474639025052,90.48405377697786,split_probe
primary,984970,14,154,90.4836296381392,90.35019271007455,90.60571610126776,90.47804461020128,cmaes_backtrack
primary,984995,14,154,90.47575101285223,90.49610368478211,90.45510575199444,90.47560704060331,cmaes_backtrack
primary,985338,14,154,90.38056684856738,90.27675338898764,90.4773721556527,90.37711843892947,cmaes_backtrack
primary,985643,14,154,90.34199817133006,89.79465880453411,90.73712959922692,90.26712424169055,cmaes_backtrack
primary,985802,14,154,90.28873704135847,90.3794072454287,90.19194061160785,90.28572258481086,cmaes_backtrack
primary,996309,14,155,90.2797727818671,90.43158911638182,90.10994476950131,90.27091019945651,cmaes_backtrack
primary,1031346,14,165,90.2704770679983,89.77460095726501,90.63812846945603,90.20739800449236,cmaes_backtrack
primary,1074615,14,165,90.25034657672647,89.80331603360987,90.5905319450206,90.19778281286688,sqp_sensitivity_probe
primary,1074659,14,165,90.21020875609933,89.59855910917574,90.63735759980422,90.1194551334928,sqp_sensitivity_probe
primary,1074669,14,165,90.19445394969726,90.04037156250364,90.33355219075044,90.18708101084309,sqp_sensitivity_probe
primary,1074770,14,165,90.13562308395692,89.51556225412028,90.56671226395763,90.0426711508876,slsqp
primary,1075131,14,165,90.07630497283131,90.02986244996478,90.12128627251577,90.07558596027094,split_probe
primary,1075247,14,165,90.03711025333455,89.18597098168215,90.5667122639576,89.87899306914808,split_probe
primary,1075249,14,165,89.97074587304387,88.92785102275737,90.5667122639576,89.75102243938008,split_probe
primary,1076071,15,172,89.88252736344626,89.0643263289284,90.39907688832099,89.7341833603182,cmaes_backtrack
primary,1076120,15,172,89.8707976407496,89.26258126284793,90.29579146118259,89.78067266764019,cmaes_backtrack
primary,1078665,15,172,89.74972413135858,89.24232918199517,90.12306074819715,89.6837761148883,cmaes_backtrack
primary,1078789,15,172,89.69808687405774,89.94034917088527,89.40596737122938,89.67355633230483,cmaes_backtrack
primary,1085497,15,174,89.68719781097207,88.65010051908503,90.2804904024337,89.46900935337275,cmaes_backtrack
primary,1091940,15,175,89.65646115142678,89.49807802270512,89.79896873687447,89.64864961605493,cmaes_backtrack
primary,1093506,15,175,89.46279974346511,89.29597465535987,89.61206983862537,89.454161866325,cmaes_backtrack
primary,1097874,15,175,88.92542536509713,89.00034266353019,88.84630774275284,88.92335855596586,cmaes_backtrack
primary,1154337,15,175,88.846548496738,88.83880524371388,88.85424946635385,88.84652769061819,sqp_sensitivity_probe
primary,1154493,15,175,88.80201338471647,88.68590639971829,88.90927984935895,88.79766336247599,slsqp
primary,1154554,15,175,88.8017229609706,88.6847699341075,88.90971104391413,88.79731171656574,slsqp
primary,1155038,15,175,88.79481439774598,89.0650476077224,88.46016254237038,88.7631203326822,split_probe
primary,1155044,15,175,88.74978228570872,88.45314516064452,88.99468486583105,88.72432818336421,split_probe
primary,1155134,15,175,88.73462270390212,88.60729486164115,88.85138799409974,88.7294253649145,split_probe
primary,1155147,15,175,88.68213629415662,88.41053150069465,88.90971104391411,88.66047258544144,split_probe
primary,1155149,15,175,88.59475074512594,88.18822488733963,88.90971104391411,88.54970278519373,split_probe
primary,1157882,16,180,88.4644143743374,88.379789587075,88.54422772244315,88.4620468631026,cmaes_backtrack
primary,1161624,16,180,88.4091054419972,88.70029445258663,88.04121571822901,88.37136951841164,cmaes_backtrack
primary,1179808,16,185,88.38703559966868,87.91097242569073,88.74180950808987,88.32736786410163,cmaes_backtrack
primary,1243420,16,180,88.36622156719467,88.62293009993583,88.05175288344807,88.33780313474499,sqp_sensitivity_probe
primary,1243483,16,180,88.30643201802884,88.04803605890346,88.5245229279805,88.28660094673629,sqp_sensitivity_probe
primary,1243847,16,180,88.28291611930285,88.55617611729816,87.94312107747612,88.25018094419285,split_probe
primary,1243854,16,180,88.23715766766647,87.86640164169216,88.53001464101568,88.1988322762768,split_probe
primary,1244088,16,185,88.0949658521027,87.59555496266904,88.46215702067651,88.02992239565137,split_probe
primary,1245178,17,196,88.07098883721413,87.6586678398262,88.38897102321634,88.02457681237654,cmaes_backtrack
primary,1245610,17,196,88.02201435576566,87.27561393492152,88.50577430558486,87.89284633332963,cmaes_backtrack
primary,1246440,17,196,87.98970099136118,87.63338538941555,88.27332934592441,87.95393939052381,cmaes_backtrack
primary,1247921,17,196,87.93531344196427,87.29208761653653,88.37386902290905,87.83464375328042,cmaes_backtrack
primary,1252645,17,194,87.84546700679307,88.22701123631137,87.31838924010749,87.77387598590805,cmaes_backtrack
primary,1257674,17,194,87.83293898785875,87.57723705973793,88.04892840241384,87.81339944402256,cmaes_backtrack
primary,1328962,17,194,87.8237268962651,87.538393094409,88.06045843872025,87.79981379817627,sqp_sensitivity_probe
primary,1328967,17,194,87.82297892378746,87.60872311488433,88.0086470567195,87.80891276679915,sqp_sensitivity_probe
primary,1329014,17,194,87.82130619612282,87.5658262891294,88.03713285220158,87.80179580889613,sqp_sensitivity_probe
primary,1329018,17,194,87.80965950713292,87.86590345525993,87.75105015492241,87.80849558357313,sqp_sensitivity_probe
primary,1339535,18,206,87.70103499715235,87.09376318349695,88.12237379843216,87.60957809889753,cmaes_backtrack
primary,1412041,18,206,87.64826333350317,86.8977508988748,88.13297277054875,87.51754110079071,sqp_sensitivity_probe
primary,1412097,18,206,87.59956249632597,87.32372238268924,87.82963081993525,87.57704191377755,sqp_sensitivity_probe
primary,1412194,18,206,87.51498732717306,86.78426666588071,87.99122124909947,87.38982766215604,slsqp
primary,1412195,18,206,87.37629594417598,87.04349972106834,87.64447954246951,87.3445065186185,slsqp
primary,1412249,18,206,87.35007830882238,87.07612309700924,87.57872693449367,87.3277866004633,slsqp
primary,1653123,21,249,87.26981831931542,87.1408053641171,87.38783248440052,87.264406334509,split_probe
primary,1655101,22,258,87.20974076136467,86.75432706081763,87.55181420676013,87.15398279674417,cmaes_backtrack
primary,1655759,22,258,87.14521733316937,86.98339799003682,87.2900727331196,87.13687027787506,cmaes_backtrack
primary,1656939,22,258,87.10236715824165,86.58242544568809,87.47928709119437,87.03201154185092,cmaes_backtrack
primary,1732090,22,258,87.0889781069443,86.5915821571349,87.45395564681915,87.02383713314316,sqp_sensitivity_probe
primary,1732091,22,258,87.08629344861323,86.60171211595045,87.44435494368693,87.02405343619505,sqp_sensitivity_probe
primary,1732135,22,258,87.06990557739117,86.41486430524216,87.51241741627733,86.96537234708472,sqp_sensitivity_probe
primary,1732147,22,258,87.03756421638742,86.73213088887456,87.28753949609603,87.01027835781068,sqp_sensitivity_probe
primary,1732246,22,258,87.03361625414277,87.17044368066395,86.88173126859019,87.0262072013693,split_probe
primary,1732307,22,258,86.9896371004763,86.6092369724587,87.28753949609597,86.94904967920587,split_probe
primary,1732336,22,258,86.97670249851714,86.5748751872272,87.28753949609597,86.93193764367179,split_probe
primary,1732451,22,258,86.84169238966118,86.87014398198866,86.81264114420357,86.84139732260101,split_probe
primary,1734367,23,266,86.83152356832021,86.90731813520583,86.75131703348436,86.82935261908266,cmaes_backtrack
primary,1735210,23,266,86.81016156525689,86.68489301248431,86.92498463439023,86.80502183132849,cmaes_backtrack
primary,1735227,23,266,86.7732502907813,87.03485685692299,86.45000981149906,86.74292623757097,cmaes
primary,1735894,23,266,86.67899223425198,86.65635707471182,86.70126102622974,86.6788119582819,cmaes_backtrack
primary,1737936,23,266,86.64675706358298,85.61135604876782,87.23038276519155,86.42466072213047,cmaes
primary,1741034,23,265,86.40322096301155,86.09235911274648,86.65647061846639,86.37487539107431,cmaes_backtrack
primary,1806362,24,277,86.36184577231842,85.97822212115544,86.66123671199846,86.32040496767776,cmaes_backtrack
primary,1808598,24,277,86.2447390217091,86.3235690826792,86.16109069762503,86.2423681532936,cmaes_backtrack
primary,1876144,24,277,86.23517971193927,86.27274588701083,86.19655339061947,86.23465805378558,sqp_sensitivity_probe
primary,1876159,24,277,86.2340913723363,86.30339506585625,86.161090697625,86.23227223637802,sqp_sensitivity_probe
primary,1876167,24,277,86.23166820397505,86.29878422738142,86.161090697625,86.22996494643986,sqp_sensitivity_probe
primary,1876186,24,277,86.19838306013062,86.21706145969605,86.17944613848542,86.19825585091938,sqp_sensitivity_probe
primary,1876194,24,277,86.17927894824629,85.97870793874708,86.3541653493902,86.16664114379239,sqp_sensitivity_probe
primary,1876358,24,277,86.14834706858241,85.90596114887036,86.35416534939017,86.13035479463974,split_probe
primary,1876370,24,277,86.12960589480849,85.8607627783577,86.35416534939017,86.10781746761218,split_probe
primary,1876387,24,277,86.11840760307842,85.83332778694788,86.35416534939017,86.09414042828773,split_probe
primary,1876573,24,277,86.0736178833643,85.92495883409507,86.20767662630502,86.0664338169838,split_probe
primary,1878101,25,289,86.05486958907811,85.90013908583532,86.19384189734153,86.04711580288371,cmaes_backtrack
primary,1878125,25,289,86.05463141295019,85.81916361938026,86.25541122794563,86.03756391958099,cmaes_backtrack
primary,1878806,25,289,86.05314027804192,85.8610013404491,86.22155331093357,86.04146618501676,cmaes_backtrack
primary,1878815,25,289,86.03862004490237,85.8054527414726,86.2377205543548,86.02185817157194,cmaes_backtrack
primary,1878915,25,289,86.02759618330992,85.85304117589966,86.18234455702574,86.01785045121922,cmaes_backtrack
primary,1878931,25,289,86.0088767684042,85.51161127283056,86.37255109831344,85.9431592557152,cmaes_backtrack
primary,1879171,25,289,85.91909094266666,85.84165295915003,85.99236710556652,85.91704307987347,cmaes
primary,1880114,25,289,85.90877132920849,85.26330130313725,86.3450044101597,85.80585742156555,cmaes_backtrack
primary,1881392,25,289,85.82989983102311,85.76895019992101,85.88823906595437,85.82861535713792,cmaes_backtrack
primary,1882640,25,289,85.81897666536653,85.39927947698628,86.13934228632257,85.77010908442594,cmaes
primary,1883299,25,289,85.5856444621688,85.40554245916881,85.74463930703475,85.57525884459355,cmaes
primary,1946995,25,289,85.55433832272516,85.3065044351331,85.76384367190136,85.53547971549501,sqp_sensitivity_probe
primary,1947011,25,289,85.54663585887923,85.31474498458776,85.74463930703467,85.5299622403714,sqp_sensitivity_probe
primary,1947043,25,289,85.5431395790337,85.27298066065475,85.7683586489512,85.52102833832016,sqp_sensitivity_probe
primary,1947053,25,289,85.5422718973101,85.53398037033156,85.55051309900442,85.54224713407753,sqp_sensitivity_probe
primary,1947151,25,289,85.53706781557193,84.94050676839595,85.95004506726825,85.44676687019047,slsqp
primary,1947153,25,289,85.5193147123424,85.18924546072006,85.78460845437743,85.48744524735096,slsqp
primary,1947154,25,289,85.50390031708419,85.44642065600952,85.55904420079585,85.5027509717596,slsqp
primary,1947207,25,289,85.49062715895228,85.15624964105105,85.75867381469226,85.45799256764633,slsqp
primary,1947208,25,289,85.47031657736093,85.41026991953542,85.52781779847525,85.46906406734861,slsqp
primary,1947261,25,289,85.46655083071761,85.15480111860164,85.71986932884198,85.43780238074463,slsqp
primary,1947262,25,289,85.45519653927536,85.41175677418963,85.49728820064895,85.45453318846857,slsqp
primary,1947323,25,289,85.45508940693696,85.4117922687401,85.4970471420377,85.45443033736235,slsqp
primary,2109174,27,315,85.45144362590113,85.356746001263,85.53995893125945,85.44840157043805,split_probe
primary,2114818,28,321,85.41455487260151,85.13494852742662,85.64623426557986,85.39097406822972,cmaes_backtrack
primary,2118004,28,321,85.41444444243034,85.02752962089441,85.71508638447368,85.37200017373922,cmaes_backtrack
primary,2119521,28,321,85.2454780690539,85.25864254401533,85.23218425615546,85.2454144265937,cmaes_backtrack
primary,2120320,28,322,85.21045416612859,85.3008930420009,85.11353180439058,85.20726392151046,cmaes_backtrack
primary,2121012,28,322,85.18260213527446,84.98931114630153,85.35168413160831,85.17069036125247,cmaes_backtrack
primary,2122473,28,322,85.10285524994036,85.09717900593259,85.10850774206173,85.10284356250477,cmaes_backtrack
primary,2123410,28,322,85.02007175390536,84.85796170422402,85.16477940513956,85.01150897296681,cmaes_backtrack
primary,2125762,28,322,84.9850436560787,85.24100065304056,84.66885956133069,84.95541175154176,cmaes_backtrack
primary,2125942,28,322,84.97127220085468,84.87435451224299,85.06168996975961,84.96807387007607,cmaes
primary,2195529,28,322,84.96979430883886,84.84562652603718,85.08348801577532,84.96464050864444,sqp_sensitivity_probe
primary,2195531,28,322,84.94415577133188,84.86079952333385,85.02265734500169,84.94176698699242,sqp_sensitivity_probe
primary,2195537,28,322,84.93224317525299,84.79286774036147,85.05854948131233,84.92581250567841,sqp_sensitivity_probe
primary,2195598,28,322,84.9016628373716,84.7422902242144,85.04416475122471,84.89336166826719,sqp_sensitivity_probe
primary,2195795,28,322,84.89522699645211,84.70934233565566,85.05854948131233,84.88412548528777,split_probe
primary,2195797,28,322,84.8197615706501,84.52928165348338,85.05854948131233,84.79432851529276,split_probe
primary,2195799,28,322,84.8033576804591,84.4881826806753,85.05854948131233,84.77384576786645,split_probe
primary,2195897,28,322,84.78731627758967,84.99974959146917,84.53494401396037,84.76766538620689,split_probe
primary,2198443,29,334,84.74454741040743,84.91896849907289,84.54408977777253,84.73173646072232,cmaes_backtrack
primary,2198495,29,334,84.73522685828763,84.85529585499263,84.6033787277144,84.72943091625072,cmaes_backtrack
primary,2198973,29,334,84.72881243588643,84.90906155889225,84.52060835505165,84.71505760937598,cmaes_backtrack
primary,2199004,29,334,84.72032552783794,84.99967508335132,84.3672893731466,84.68407252974893,cmaes_backtrack
primary,2199108,29,334,84.66446409663784,84.691318474542,84.63706213364529,84.66419465030903,cmaes_backtrack
primary,2199341,29,334,84.65014456601672,84.71207382110208,84.58522245501486,84.64867189990697,cmaes_backtrack
primary,2200076,29,334,84.6364058405438,84.7139747768057,84.55408212515115,84.63406621010266,cmaes_backtrack
primary,2200389,29,334,84.52989324678579,84.2900946985348,84.73325973938947,84.511967703843,cmaes_backtrack
primary,2202232,29,334,84.47480944084892,84.31729238671349,84.61575161948616,84.4666538272859,cmaes
primary,2202731,29,334,84.44207815246699,84.48938636945904,84.39303887903415,84.44122636581584,cmaes_backtrack
primary,2210764,29,338,84.40538861918792,84.52081455550523,84.2790723490894,84.40003000339856,cmaes
primary,2211373,29,335,84.32026241514995,84.17582725180861,84.45061740871671,84.31333427827349,cmaes_backtrack
primary,2217800,29,335,84.32003914655145,84.30805815705494,84.33191383739486,84.31998684087644,cmaes_backtrack
primary,2218069,29,335,84.21976288998036,83.42017940939549,84.71645030642838,84.07081326244347,cmaes
primary,2272036,29,335,84.21478336671701,83.33118044651592,84.74192638893173,84.0395136906352,sqp_sensitivity_probe
primary,2272038,29,335,84.18954980129422,83.40537424198679,84.68028991652525,84.04524957661985,sqp_sensitivity_probe
primary,2272092,29,335,84.12734282251293,83.8242036110599,84.37423023828846,84.09966658474973,sqp_sensitivity_probe
primary,2272094,29,335,84.12454301552346,83.55611891752353,84.52192533899084,84.04040954079554,sqp_sensitivity_probe
primary,3126735,39,437,84.11184752886406,83.71913594576091,84.41489797591426,84.06773674778218,sqp_sensitivity_probe
primary,3188444,40,437,84.11065608808288,83.29949451045651,84.61144384878104,83.95803182505233,cmaes
primary,3189493,40,437,84.10330494124312,83.7428973478258,84.38679384022431,84.06546208414312,cmaes_backtrack
primary,3189524,40,437,84.06395166611178,83.66492456038397,84.37069660038209,84.01855166131008,cmaes_backtrack
primary,3194848,40,335,83.96172161486814,84.03473985144247,83.88446967501895,83.95963838225718,cmaes_backtrack
primary,3201251,40,338,83.90676289099949,82.90639737767927,84.47122751762042,83.69246980606815,cmaes_backtrack
primary,3206990,40,338,83.81635723347442,83.47213125769524,84.08956578229294,83.78141730167997,cmaes_backtrack
primary,3262954,41,334,83.76608341924117,83.553548024461,83.94927919591258,83.75164734197529,cmaes_backtrack
primary,3264596,41,334,83.55548459220904,83.17994930136331,83.84779882544767,83.51454164889525,cmaes_backtrack
primary,3283300,41,334,83.53293756860404,83.0871920093072,83.8659150052541,83.47746155597926,sqp_sensitivity_probe
primary,3283358,41,334,83.51693191876822,83.35971938932634,83.65746064208008,83.50872271130845,sqp_sensitivity_probe
confirmation,19572,-1,0,917.77372478356,927.7676254034628,506.3625527231081,747.3806933374191,feasibility_cma
confirmation,19578,-1,0,908.2696294729753,918.1600372803786,507.9161047706856,741.9557343750811,initial_pool_backtrack
confirmation,19742,-1,0,871.1298165593377,880.6157983200177,514.3622069395591,721.1285128805184,initial_pool_backtrack
confirmation,21180,-1,0,870.2296945621891,879.7058746369606,530.4445530811578,726.3793257535106,initial_pool_backtrack
confirmation,28798,-1,0,857.6572158584497,866.9964906162373,518.2774781856281,714.2459167315293,initial_pool_backtrack
confirmation,31569,0,0,835.7925134799073,844.8936972390595,513.4739796350817,699.1068900377738,cmaes_backtrack
confirmation,31661,0,0,823.6755772189667,832.6448161931031,512.7536931511233,691.4527242600766,cmaes_backtrack
confirmation,31723,0,0,817.7652518351773,826.6701315855498,519.1482303233303,690.2529940186844,cmaes_backtrack
confirmation,32126,0,0,806.8698099848434,815.6560461522464,518.2774781856281,683.3397142048639,cmaes
confirmation,32192,0,0,792.3258710686786,800.9537341248982,518.2774781856281,674.5881812643446,cmaes
confirmation,32336,0,0,790.5972686839466,799.2063080069208,612.2092491143153,711.8745983174167,cmaes
confirmation,32366,0,0,684.6108951702374,692.0658190418562,429.2663344275478,575.8579181356016,cmaes
confirmation,34926,0,0,618.3196845366904,625.0527444530076,320.66953188938163,496.74937444872126,cmaes
confirmation,39220,0,0,612.0172355587445,618.6816663053146,322.4867570855623,493.3379737653909,split_probe
confirmation,39228,0,0,610.8747803915438,617.526770616997,322.4670894143778,492.6075193214359,split_probe
confirmation,39253,0,0,605.517289586672,612.1109405622316,321.2459765208298,488.8142699363437,split_probe
confirmation,39277,0,0,599.4419108780802,605.9694053170095,320.66953188938163,484.7823577969836,split_probe
confirmation,39308,0,0,594.3251000109267,600.7968760326512,320.66953188938163,481.55261131715815,split_probe
confirmation,39318,0,0,584.1262100210803,590.4869274122955,320.66953188938163,475.1335391902831,split_probe
confirmation,39320,0,0,545.7052441569725,551.6475846605108,320.66953188938163,451.1895424009351,split_probe
confirmation,40141,1,2,539.7836325939936,545.6614909753356,319.967465551039,447.2838258558997,cmaes_backtrack
confirmation,40264,1,2,536.2013613650462,542.0402113702613,320.7277992596893,445.35037440215604,cmaes_backtrack
confirmation,40867,1,2,532.8569772042889,538.6594092537107,329.0595845940189,446.3374112657065,cmaes_backtrack
confirmation,41007,1,2,466.41932903811585,469.2072208901568,461.89201602799113,465.56398626067846,cmaes
confirmation,44045,1,2,465.06931104738806,462.906528919329,466.7398263041356,464.82712914295155,cmaes
confirmation,53215,1,1,458.4763487560651,460.22788643236356,456.16471662930223,458.2008054049513,cmaes
confirmation,57964,1,1,458.1084122477536,458.3115745532641,457.89941016210196,458.1055387114923,split_probe
confirmation,57971,1,1,457.47489491047963,458.8052642171503,455.84480465192155,457.32742996758765,split_probe
confirmation,57973,1,1,455.7785168685439,453.7371496219712,457.3687375900511,455.55656238923183,split_probe
confirmation,58021,1,1,454.9546607359835,453.5001660552853,456.1647166293021,454.83439255934843,split_probe
confirmation,58134,1,1,454.62593173603705,452.154234031382,456.4634404749687,454.31394643063237,split_probe
confirmation,58158,1,1,454.44511478787297,456.60942048904786,451.33796412229697,453.98134363506836,split_probe
confirmation,58160,1,1,449.76955811152754,452.87812797490795,444.13129723589776,448.5260349090666,split_probe
confirmation,59100,2,3,435.68757818487717,440.0008367421025,421.5715606443396,430.88473927365686,cmaes_backtrack
confirmation,60107,2,3,426.4322093472375,429.11728983436933,421.91219637737777,425.52999300095,cmaes_backtrack
confirmation,64099,2,3,420.58921595964307,424.07266338353605,412.8503998237272,418.49914961909855,cmaes_backtrack
confirmation,65009,2,3,419.738452986547,423.7596340156356,407.8570482504043,415.8843584631418,cmaes_backtrack
confirmation,69133,2,5,402.57251559547154,403.9697404628318,400.7815919160903,402.37882376462306,cmaes_backtrack
confirmation,74229,2,5,397.4124137423485,400.2742370348152,392.02037004876917,396.16879948260527,cmaes_backtrack
confirmation,76855,2,5,392.3114110515655,394.1917568133469,389.60416699967504,391.9046746870363,cmaes_backtrack
confirmation,94131,2,5,389.33468750584854,391.05711865159265,386.9379035261122,389.0029635062365,split_probe
confirmation,94154,2,5,388.7302336083366,387.77568118623503,389.55669963665815,388.66721057432545,split_probe
confirmation,94242,2,5,386.7674091574124,385.7795604452335,387.61810601000656,386.69992588834447,split_probe
confirmation,94244,2,5,383.44661055911854,381.7527951953029,384.7701444257482,383.2644391805989,split_probe
confirmation,94298,2,5,382.95746384187044,384.64097389960085,380.62075060956823,382.63614217492875,split_probe
confirmation,96181,3,8,382.4020260056919,384.4328581972616,379.3270475646429,381.88848599808864,cmaes_backtrack
confirmation,96784,3,8,381.5124465628529,381.7788937122739,381.2337341747487,381.5064113203018,cmaes_backtrack
confirmation,96833,3,8,368.55211183558004,367.1238242121796,369.6991711947848,368.4137480376419,cmaes_backtrack
confirmation,97535,3,8,367.84279458031745,370.20657161049206,363.8031860603513,367.0188441015372,cmaes_backtrack
confirmation,113787,3,12,355.73853861049025,359.6122714751405,289.96698642096055,326.65106689674514,cmaes
confirmation,117678,3,12,350.2370436572766,354.0430678312059,319.53879425596836,337.23251245534584,cmaes
confirmation,117818,3,12,344.7389991701247,348.4927786630546,296.6609335877882,323.6162281912596,cmaes_backtrack
confirmation,120331,3,12,343.4893535561915,347.229684693291,286.13833420647285,318.1537366075224,cmaes
confirmation,138947,3,11,323.30348044421817,326.82400491455144,268.96405112029464,299.2954986158556,cmaes
confirmation,141035,3,11,321.13275933314173,324.6295991424558,272.3440897782499,299.6295044521942,cmaes_backtrack
confirmation,161695,3,11,320.83548158101087,324.3290748551712,272.6568645956334,299.609007380897,split_probe
confirmation,161701,3,11,320.57220710923383,324.0629258300304,272.84652312149444,299.5513353976309,split_probe
confirmation,161703,3,11,319.4672302241064,322.9458522927344,274.35058495287694,299.635000439757,split_probe
confirmation,161705,3,11,319.26361686998047,322.7398591407793,277.3727192391216,300.9124806786141,split_probe
confirmation,161712,3,11,318.40649039443474,321.8735954267318,272.3533385711332,298.143382002497,split_probe
confirmation,161760,3,11,315.0578882644706,318.4884216780438,272.3440897782499,296.3158601729874,split_probe
confirmation,161854,3,11,312.2408380946268,315.64047248830457,272.8987381051,295.04459758822577,split_probe
confirmation,161866,3,11,310.74130858856506,314.1243574082535,273.54713744589856,294.5353529900897,split_probe
confirmation,164261,4,15,310.1597629997387,313.5369530857749,268.2918289005299,291.7926716052877,cmaes_backtrack
confirmation,164533,4,15,307.20795299364664,310.55299797604073,265.8144124926889,289.05057208102886,cmaes_backtrack
confirmation,164786,4,15,299.6986902373931,302.95602614400104,273.0900688616989,288.4098988313786,cmaes_backtrack
confirmation,167790,4,15,292.59522350840854,295.78137475042433,234.95595380130393,267.10571116688186,cmaes_backtrack
confirmation,169956,4,15,259.27880459775434,262.0997736775415,233.31611393906022,248.1256741909662,cmaes_backtrack
confirmation,179371,4,18,259.10342138998965,261.9136326693054,238.86270190451162,250.6532877693363,cmaes_backtrack
confirmation,179408,4,18,251.32764489260444,254.05616394420244,230.69260791533978,242.6557373985047,cmaes_backtrack
confirmation,179413,4,18,250.4870044779585,253.1688707688474,236.149537388714,244.80714974779332,cmaes_backtrack
confirmation,180438,4,18,248.89105210610472,251.60091046678346,217.8285204175163,235.3213573552119,cmaes_backtrack
confirmation,182768,4,18,237.15378184647244,239.73438611532762,212.81396107065726,226.6741691422693,cmaes_backtrack
confirmation,185768,4,18,230.14993202818064,229.86340685810382,230.415609256947,230.1396736784688,cmaes
confirmation,186521,4,18,229.43879786883664,224.79044286579452,231.41258015244597,228.1255415956445,cmaes
confirmation,186533,4,18,227.4130393493682,229.88301226938523,208.23305818202402,219.32533580264334,cmaes
confirmation,187265,4,18,214.133762332112,216.4652782582659,186.54311639710266,202.05884163600894,cmaes
confirmation,257301,4,18,206.8553547708938,209.10652764816928,185.10434584244112,197.47045190968777,split_probe
confirmation,257327,4,18,205.8512210117349,208.08944724739,186.88494707240548,197.77158731473554,split_probe
confirmation,257336,4,18,203.37973607335792,205.59020532114056,185.32593037141547,195.72050606926638,split_probe
confirmation,257353,4,18,201.31624000767854,203.49630143280456,186.54311639710278,195.20384085869557,split_probe
confirmation,257540,4,18,200.44144255182877,202.60813958149885,186.54311639710278,194.74135731762158,split_probe
confirmation,260718,5,31,199.2741840742661,201.34347455008165,190.84776432553844,196.1658276713297,cmaes_backtrack
confirmation,261444,5,31,197.55681190557254,199.61445060856957,189.0169328384569,194.3879237393861,cmaes
confirmation,262210,5,31,194.0424506883699,196.00297181973846,187.0989921813769,191.60271114660162,cmaes
confirmation,262925,5,31,186.87707753846195,188.69222788909914,181.29539044753537,185.03077509332877,cmaes
confirmation,264843,5,31,182.39828951853775,183.87889235891006,179.19981380923153,181.5544275477782,cmaes
confirmation,274649,5,36,180.7408352634879,182.6084355388233,173.35468182664775,178.04168955774776,cmaes_backtrack
confirmation,282011,5,33,178.99129658558383,177.98642126853127,179.7320557553222,178.861368134672,cmaes_backtrack
confirmation,284289,5,33,174.70299029086053,175.51966745967619,173.54013577666908,174.5327080958467,cmaes_backtrack
confirmation,344466,5,33,173.20284894515424,172.8719690899182,173.4981485451148,173.1853418243131,split_probe
confirmation,344542,5,33,172.75810096796505,171.65966847690146,173.54013577666916,172.60246305743217,split_probe
confirmation,344555,5,33,172.70210342055404,171.48872693255922,173.54013577666916,172.51748054955857,split_probe
confirmation,344560,5,33,172.62832931373924,171.25170360238403,173.54013577666916,172.39971680966235,split_probe
confirmation,344564,5,33,172.33590007190747,170.13013142692535,173.54013577666916,171.84359217719998,split_probe
confirmation,344573,5,33,171.84567048806048,166.37654110549016,173.54013577666916,169.99607665415638,split_probe
confirmation,344618,5,33,170.68656381966008,168.09582953952912,171.9851032285202,170.0515857631254,split_probe
confirmation,344669,5,33,169.12140120100398,163.53189139777302,170.80294975972845,167.20694834658838,split_probe
confirmation,345781,6,47,166.19494694900615,167.45248784366902,163.70103881034362,165.58738749165008,cmaes_backtrack
confirmation,346200,6,47,163.33876289150794,156.77346403420327,165.02230763949004,160.9507394266117,cmaes_backtrack
confirmation,346690,6,47,153.0460305945544,152.5390731862936,153.4652317085828,153.00285322813824,cmaes_backtrack
confirmation,379859,6,48,148.67846770915253,148.24892771936626,149.0417284966433,148.6458566580465,cmaes
confirmation,435406,6,48,148.6506989299944,148.22425047570653,149.01173758595945,148.61851561543708,split_probe
confirmation,435419,6,48,148.64204613387423,149.2402409418778,147.8386085624971,148.54107798532527,split_probe
confirmation,435454,6,48,148.63549758092756,148.14445173051493,149.04172849664332,148.59376738578572,split_probe
confirmation,435461,6,48,148.58185643907117,148.01002098064632,149.04172849664332,148.5267705566214,split_probe
confirmation,435463,6,48,148.3575447707547,147.38901462375955,149.04172849664332,148.21767516903972,split_probe
confirmation,435465,6,48,148.13546843948046,146.6406161543765,149.04172849664332,147.84604685178823,split_probe
confirmation,435511,6,48,147.94861592276536,145.83528668207182,149.04172849664332,147.4472239055541,split_probe
confirmation,435513,6,48,147.7881826770039,144.9020652728623,149.04172849664332,146.9864710672516,split_probe
confirmation,435525,6,48,147.6884512202487,144.1006458298022,149.04172849664332,146.59200687935416,split_probe
confirmation,435564,6,48,146.68467436426002,144.13881578482426,147.87014362630524,146.01639906516604,split_probe
confirmation,435566,6,48,146.04313092084837,144.91985362041214,146.79636921319658,145.86112913922412,split_probe
confirmation,435673,6,48,145.8305634751833,147.21573074084895,141.83117651875256,144.54852820118177,split_probe
confirmation,436273,6,50,145.6496912638756,144.42596062150554,146.4454573544157,145.4392142463453,split_probe
confirmation,436275,6,50,138.8620204423685,139.9141485049301,136.77239728556543,138.35219118449152,split_probe
confirmation,437812,7,60,137.84518611196046,138.55340010759883,136.79111750301905,137.67507855291225,cmaes_backtrack
confirmation,437953,7,60,137.29112850366346,137.87717149154804,136.4869383113359,137.1838160063208,cmaes_backtrack
confirmation,438020,7,60,136.3311911976508,136.50947859785353,136.13688486616394,136.32330902696174,cmaes_backtrack
confirmation,438040,7,60,136.1506924036321,135.62065848248923,136.57598021099966,136.09915756135183,cmaes_backtrack
confirmation,438576,7,60,133.76659947030365,133.92725607891117,133.59278411415193,133.7601246414578,cmaes_backtrack
confirmation,442717,7,60,130.219883988541,130.70018067825896,129.59302804325887,130.1477816690519,cmaes_backtrack
confirmation,447772,7,61,127.5416242691765,128.66643862968263,124.77645259766096,126.7363711657041,cmaes
confirmation,449588,7,61,118.58506319806997,113.47076649580676,119.81979535655496,116.68847031397878,cmaes
confirmation,518004,7,61,118.54138104299099,113.61479033475372,119.76930791422835,116.73261690946384,sqp_sensitivity_probe
confirmation,518005,7,61,118.53234525843422,113.1740853786955,119.77396745865475,116.52076399099678,sqp_sensitivity_probe
confirmation,518008,7,61,118.46587150335962,113.36195296450026,119.69919271707224,116.57364435635606,sqp_sensitivity_probe
confirmation,518061,7,61,118.35089789967445,113.33552764112542,119.58024034752228,116.49973327708416,sqp_sensitivity_probe
confirmation,518065,7,61,118.07531032261396,113.1789089251489,119.29801833173187,116.27872248043789,sqp_sensitivity_probe
confirmation,518156,7,61,117.15918876080407,111.91032614655404,118.38507742070063,115.19320217385525,slsqp
confirmation,518157,7,61,116.66099027423644,111.75501246990386,117.87147736800448,114.85396812706202,slsqp
confirmation,518209,7,61,115.1534682706894,110.55370570609561,116.3392169074083,113.48333630092789,slsqp
confirmation,518210,7,61,114.67026791383579,110.33492456700958,115.84042912319761,113.12117529148613,slsqp
confirmation,518262,7,61,113.80399306909945,109.20259830622717,114.97804260928896,112.1275116978315,slsqp
confirmation,518263,7,61,113.33485717487697,109.13131280178062,114.48751333651967,111.84148189249787,slsqp
confirmation,518315,7,61,112.77176142520985,107.92336465672565,113.94547018538015,110.97527385547633,slsqp
confirmation,518316,7,61,112.30396412633328,107.81845891862349,113.46035359392893,110.67536293422823,slsqp
confirmation,518368,7,61,111.49805967608606,107.37426507892049,112.63146485673478,110.03426665591988,slsqp
confirmation,518369,7,61,111.04895584795732,107.35330588441276,112.1547281860404,109.78026994591718,slsqp
confirmation,518421,7,61,110.60593229137427,106.24470373611564,111.74252634511136,109.02827446576161,slsqp
confirmation,518422,7,61,110.16764844071139,106.32187364867335,111.27542545573017,108.82683751381876,slsqp
confirmation,518474,7,61,109.44619330232415,105.9037673516675,110.52945749456066,108.24132508732052,slsqp
confirmation,518475,7,61,109.03182453380224,106.02361792477036,110.06917302020271,108.06532840649912,slsqp
confirmation,518527,7,61,107.18104306932307,106.94670266616882,107.38697626477548,107.16706556227379,slsqp
confirmation,518528,7,61,107.13102103133104,107.298626015211,106.94507107123528,107.12199440633954,slsqp
confirmation,518529,7,61,107.07216374097783,107.00309506432126,107.13853477814418,107.07083633686574,slsqp
confirmation,518534,7,61,106.97741122054741,106.55563583511223,107.31497710191945,106.93598047105229,slsqp
confirmation,518536,7,61,106.89643999831685,106.30072336426677,107.33644334331213,106.81983864750599,slsqp
confirmation,518580,7,61,106.29985425758835,106.27616916993658,106.3232114680373,106.29969292127319,slsqp
confirmation,518582,7,61,106.22967636091524,106.37247457817978,106.07365619555321,106.22317046336435,slsqp
confirmation,518587,7,61,106.12857336596586,105.99267750622596,106.25431986323233,106.12357931802175,slsqp
confirmation,518589,7,61,106.0088762549411,105.69003665021438,106.27681249612982,105.98383065699501,slsqp
confirmation,518633,7,61,104.38334966225106,104.77516902775959,103.86915041564545,104.32314329252058,slsqp
confirmation,518636,7,61,104.3714587037095,104.82811111401513,103.73881270409686,104.28488418986711,slsqp
confirmation,518640,7,61,104.27185430752333,104.63812614587599,103.80075396212625,104.2202810551433,slsqp
confirmation,518642,7,61,104.09031797639223,104.30447791340386,103.84420304115818,104.0745949260458,slsqp
confirmation,518686,7,61,103.83300835506317,104.22114141555258,103.324317123095,103.77369808124435,slsqp
confirmation,518689,7,61,103.82708319436844,104.28108620145073,103.19825358538415,103.74108270696729,slsqp
confirmation,518693,7,61,103.73869919671523,104.10977757202399,103.25886672501895,103.68519504594553,slsqp
confirmation,518695,7,61,103.56728198330211,103.79550031904783,103.30219018299145,103.54913901883587,slsqp
confirmation,518739,7,61,102.42198960982923,103.11733235339064,101.18017661471589,102.15334642454138,slsqp
confirmation,518748,7,61,102.32635708802891,102.99010792452462,101.18387573787466,102.09098647687485,slsqp
confirmation,518792,7,61,101.75065486204015,102.62556174124063,99.69182497640456,101.16932808374106,slsqp
confirmation,518800,7,61,101.40982241895718,102.23780382783305,99.60698073871202,100.93096438511975,slsqp
confirmation,518853,7,61,101.14820207722464,102.00018026506385,99.20763685775945,100.61359745334273,slsqp
confirmation,518898,7,61,101.01587548181278,101.85258213591135,99.15685062080769,100.51375406577384,slsqp
confirmation,518906,7,61,100.70071246253268,101.48853074813566,99.07706279651208,100.29004498403438,slsqp
confirmation,518950,7,61,99.97121163753972,100.874760806593,97.64334332717591,99.27220120430518,slsqp
confirmation,518958,7,61,99.35534968740512,100.16730333506324,97.5851693078412,98.88466495432596,slsqp
confirmation,519080,7,61,99.3543605062149,100.16607829699755,97.58537769634007,98.88414731780215,slsqp
confirmation,519367,7,61,98.96776701786742,99.69093618132197,97.58537769634006,98.6437750110106,split_probe
confirmation,519399,7,61,98.94511818921605,99.66224954347366,97.58537769634006,98.6292804500848,split_probe
confirmation,519401,7,61,98.70570175469042,99.35191247643272,97.58537769634006,98.47260647728915,split_probe
confirmation,519528,7,61,98.42577962256124,98.91029119288893,97.71955319115348,98.31672487359604,split_probe
confirmation,519549,7,61,98.39640420430722,98.92741115766705,97.58537769634006,98.25868566822847,split_probe
confirmation,519571,7,61,98.17721245155447,98.83216334500186,97.02448793593071,97.9324965746373,split_probe
confirmation,519573,7,61,96.05403412305346,95.72594382721819,96.32386628715759,96.02537044478908,split_probe
confirmation,527661,8,71,95.81459630125853,94.46382507663428,96.51794590834085,95.49640865099161,cmaes
confirmation,600532,8,71,95.8079002592822,94.54206225266844,96.48852471555713,95.52025161391722,sqp_sensitivity_probe
confirmation,600533,8,71,95.7607248235003,94.30951753693655,96.48870782883185,95.4053348522173,sqp_sensitivity_probe
confirmation,600587,8,71,95.72800196258034,94.25469626355913,96.46104444324827,95.36425132830988,sqp_sensitivity_probe
confirmation,600589,8,71,95.6900628718054,94.74833249939167,96.26679368109295,95.51058076740344,sqp_sensitivity_probe
confirmation,600593,8,71,95.53806881522378,94.8795717308063,95.99560527001186,95.43921982858292,sqp_sensitivity_probe
confirmation,600684,8,71,95.03968517661237,94.29442131576829,95.53616956741794,94.91732609721485,slsqp
confirmation,600685,8,71,94.95630886748931,94.88490184100162,95.02448536495537,94.95471925147042,slsqp
confirmation,600686,8,71,94.94593868460301,94.50963403232795,95.28385824615712,94.89753570877994,slsqp
confirmation,600746,8,71,94.90896236830976,95.10419518697299,94.68460504988647,94.89463202841044,slsqp
confirmation,600747,8,71,94.86722660181339,95.05516479008423,94.65243977354677,94.85401601501901,slsqp
confirmation,600749,8,71,94.75240934394292,94.89478301490068,94.59513471729679,94.74507732760739,slsqp
confirmation,600754,8,71,94.62602592401443,94.72932589429725,94.51509317640398,94.62227016546449,slsqp
confirmation,600802,8,71,94.57599278931811,94.94649684338144,94.08293572270725,94.51570254998188,slsqp
confirmation,600807,8,71,94.38563501403787,94.68977689714339,94.00358233266881,94.3473034596263,slsqp
confirmation,600853,8,71,94.25520696480999,94.98873548648069,92.75293538090108,93.87749168755578,slsqp
confirmation,600896,8,71,94.15376332099702,94.85891764793163,92.77084346338792,93.82068976042945,slsqp
confirmation,600906,8,71,94.07183725084072,94.74226701720652,92.82118969043707,93.7866472774983,slsqp
confirmation,600949,8,71,93.9211637913042,94.41030076942693,93.1880951913368,93.8011886298977,slsqp
confirmation,600951,8,71,93.92078492786216,94.49785281104141,92.96609416920357,93.73510241892969,slsqp
confirmation,600957,8,71,93.86556890611277,94.39090693458822,93.0465107048073,93.7211194616078,slsqp
confirmation,600959,8,71,93.74553657494728,94.125383660549,93.2341422777941,93.68082283883265,slsqp
confirmation,601002,8,71,93.73739304613188,92.36986051529128,94.43713884838382,93.40921883166375,slsqp
confirmation,601003,8,71,93.38459644178423,92.79209161976254,93.80669454795961,93.30077226150007,slsqp
confirmation,601004,8,71,93.28492883164895,93.27901141148652,93.290822697937,93.28491724164779,slsqp
confirmation,601020,8,71,93.26520375714489,92.60772722875784,93.71881461341196,93.1649272929977,slsqp
confirmation,601056,8,71,93.0832526086842,92.75675736131802,93.3504885341311,93.0540964862573,slsqp
confirmation,601057,8,71,93.05550217331573,93.2485244999359,92.83340677462137,93.04119715157759,slsqp
confirmation,601066,8,71,93.05145788664365,92.58660033136745,93.40447753392273,92.9964380616415,slsqp
confirmation,601068,8,71,93.03315859854439,92.64257624547695,93.34173067938215,92.99281052753841,slsqp
confirmation,601073,8,71,92.95209215323771,92.5540151215649,93.26525338831993,92.9103148329355,slsqp
confirmation,601109,8,71,92.85321999664403,92.68523599416133,93.00400113297512,92.84475536624515,slsqp
confirmation,601115,8,71,92.85162006275601,92.80346993964933,92.89824675660034,92.85087044096464,slsqp
confirmation,601119,8,71,92.8122782777948,92.5168401101301,93.05824561933726,92.78793774438647,slsqp
confirmation,601121,8,71,92.80882720982243,92.59266306221053,92.99729158168346,92.79519786734843,slsqp
confirmation,601126,8,71,92.75673290371351,92.57121277731534,92.9214698529079,92.74650665843933,slsqp
confirmation,601162,8,71,92.6767032278638,92.68147027263727,92.67192068498973,92.67669560181453,slsqp
confirmation,601172,8,71,92.62793765170322,92.52654072696706,92.7227905829169,92.62471763083155,slsqp
confirmation,601179,8,71,92.56921033641338,92.54648571676144,92.59158884876393,92.56904002975637,slsqp
confirmation,601215,8,71,92.53902287983334,92.70305984805466,92.35433558030942,92.5288619990336,slsqp
confirmation,601224,8,71,92.53324493842895,92.63919383392222,92.41905504950627,92.52918990903001,slsqp
confirmation,601225,8,71,92.49585009775421,92.58253052686936,92.40372917708144,92.49317305777252,slsqp
confirmation,601232,8,71,92.48099143355716,92.66042499603711,92.2765283552759,92.46867590094566,slsqp
confirmation,601268,8,71,92.45875051344797,92.77166521306235,92.06049049358282,92.41676194371769,slsqp
confirmation,601277,8,71,92.43641035025541,92.69422314769639,92.12342120623946,92.40926290068856,slsqp
confirmation,601278,8,71,92.39573670232956,92.63662932818957,92.1073404375558,92.37236398341281,slsqp
confirmation,601285,8,71,92.37504987539434,92.6827864442269,91.98506428770608,92.33458440660138,slsqp
confirmation,601332,8,71,92.3622719010404,92.6605810493528,91.98732204960366,92.32456525286533,slsqp
confirmation,601339,8,71,92.33997319341935,92.696651087682,91.86753956271636,92.28302646797707,slsqp
confirmation,601384,8,71,92.3121993150937,92.76669601432992,91.64966779361595,92.20987337616091,slsqp
confirmation,601385,8,71,92.27375660224244,92.71904181667483,91.63066880236869,92.1764616932427,slsqp
confirmation,601392,8,71,92.26305237453369,92.7548007646989,91.51703959080015,92.13799867688431,slsqp
confirmation,601440,8,71,92.22953303974177,92.76576155438052,91.37404361193647,92.0725321764321,slsqp
confirmation,601454,8,71,92.22636392660405,92.76909625728813,91.35386289877121,92.06419903230972,slsqp
confirmation,601576,8,71,92.22552952161206,92.77032716298733,91.34756932189646,92.06169676620779,slsqp
confirmation,601637,8,71,92.22539119998896,92.7706502027749,91.34620791771236,92.0611841114146,slsqp
confirmation,601677,8,71,92.20536441297992,92.76794406190747,91.27910874543035,92.02653731080318,slsqp
confirmation,601738,8,71,92.20531646804021,92.76826976896605,91.2780244945593,92.02616375671928,slsqp
confirmation,601799,8,71,92.20508378641719,92.76855085890277,91.27636409813785,92.02548199123072,slsqp
confirmation,601860,8,71,92.20488678571604,92.76883179128156,91.27483739011684,92.02486645606004,slsqp
confirmation,601921,8,71,92.20377274153783,92.76933863828792,91.26919819984556,92.02232536571773,slsqp
confirmation,602043,8,71,92.20358088279747,92.76988421413877,91.26694343534004,92.0214822232675,slsqp
confirmation,602104,8,71,92.20349209441223,92.77000114144602,91.26627821754178,92.02121128159973,slsqp
confirmation,602165,8,71,92.20281708801501,92.76966994246985,91.26463543038696,92.02022968205478,slsqp
confirmation,602226,8,71,92.2021654733926,92.76935795613394,91.26302703552528,92.01927482674576,slsqp
confirmation,602287,8,71,92.20153614411456,92.76906416294509,91.26145170591418,92.01834554353692,slsqp
confirmation,602331,8,71,91.96064254895184,92.23363616586545,91.62455694161319,91.92960098663585,slsqp
confirmation,602334,8,71,91.89758231608458,92.17030773716436,91.56185011789778,91.86658267666202,slsqp
confirmation,602384,8,71,91.79624278386954,90.77613260877881,92.39011040834401,91.58667684950849,slsqp
confirmation,602385,8,71,91.63984582677374,91.38592360833333,91.85595705956297,91.62124175396339,slsqp
confirmation,602490,8,71,91.57695465584908,91.23135306801605,91.85595705956304,91.54418777276166,split_probe
confirmation,602492,8,71,91.47043901906046,90.94394315404695,91.85595705956304,91.40108764050571,split_probe
confirmation,602559,8,71,91.44978760342912,90.88370574612155,91.85595705956304,91.37112458943443,split_probe
confirmation,670818,9,85,91.43875542719684,90.99170072223644,91.78002674927816,91.38671377838043,sqp_sensitivity_probe
confirmation,670822,9,85,91.39917500991585,91.31928539853983,91.47489398490144,91.39712280823979,sqp_sensitivity_probe
confirmation,670970,9,85,91.35969784155951,91.2345547278616,91.47489398490147,91.3548033929802,split_probe
confirmation,670972,9,85,91.32595020188165,91.15993091049444,91.47489398490147,91.31754824007017,split_probe
confirmation,671161,9,85,91.32438684174292,91.15642206131875,91.47489398490147,91.3157968605932,split_probe
confirmation,671180,9,85,91.28608055752085,90.42543040567637,91.82215591217413,91.12646920739175,split_probe
confirmation,671191,9,85,91.22701407067089,91.3257278796219,91.12107523644889,91.22345894831363,split_probe
confirmation,675448,10,95,91.21683446378482,91.16313925829937,91.26860936245667,91.2158895543556,cmaes_backtrack
confirmation,675471,10,95,91.18515120835679,91.13876965247145,91.2300924908264,91.18444250433016,cmaes_backtrack
confirmation,676566,10,95,91.17498321151875,91.17657593209204,91.17338873616696,91.1749823480563,cmaes_backtrack
confirmation,677618,10,95,91.1420811078305,91.22400420534593,91.0552388854819,91.13966060873045,cmaes_backtrack
confirmation,677740,10,95,91.13349203597852,90.44429833470858,91.59827025676168,91.023113040833,cmaes
confirmation,677751,10,95,91.11445860453648,90.38195496859072,91.59827025676168,90.99214498508955,cmaes
confirmation,677792,10,95,91.08816742593194,90.29258104018925,91.59827025676168,90.94776881521034,cmaes
confirmation,678062,10,95,91.04784625867154,90.5996754366682,91.38941376777728,90.9954013619579,cmaes_backtrack
confirmation,683876,10,96,91.04370294028772,90.3519715600798,91.50946809804088,90.93256159478801,cmaes
confirmation,683887,10,96,90.85791945870014,89.58675692501403,91.52236327002943,90.55973165505954,cmaes
confirmation,744755,10,96,90.82067877242896,89.44228536573827,91.51159273751203,90.48285477592542,sqp_sensitivity_probe
confirmation,744760,10,96,90.81401730200638,89.5513649868133,91.47607910812204,90.51883787366265,sqp_sensitivity_probe
confirmation,744811,10,96,90.77103133977698,89.55614653591441,91.42016285461357,90.49295430785271,sqp_sensitivity_probe
confirmation,744813,10,96,90.70833185968273,89.79228667891188,91.26351576971821,90.53088991520382,sqp_sensitivity_probe
confirmation,744817,10,96,90.66426171926688,90.2749731740349,90.97033793153466,90.62332250847552,sqp_sensitivity_probe
confirmation,744908,10,96,90.5499553138998,90.64212387157059,90.4514687699928,90.54684650112927,slsqp
confirmation,744911,10,96,90.39734958196249,90.40311442991322,90.39156147937587,90.39733813920566,slsqp
confirmation,744975,10,96,90.395377546259,90.64026524491278,90.099906254828,90.3704896268603,slsqp
confirmation,745016,10,96,90.35584040623823,90.74350828812616,89.82283162959544,90.2843435441491,slsqp
confirmation,745024,10,96,90.29736609949849,90.64881259888914,89.83068858194974,90.24067773652787,slsqp
confirmation,745029,10,96,90.23486900219434,90.53757677556594,89.85053028460626,90.19470771840342,slsqp
confirmation,745070,10,96,90.22274049429168,90.26277566102284,90.18155385653627,90.22217389869158,slsqp
confirmation,745084,10,96,90.21113815857846,90.26890917237644,90.15093800611119,90.20994287370004,slsqp
confirmation,745085,10,96,90.18412542396362,90.133663842977,90.23286858033744,90.18327985273996,slsqp
confirmation,745088,10,96,90.18097340496308,90.17368755947086,90.18822235425635,90.18095524969188,slsqp
confirmation,745103,10,96,90.16804794882435,90.16527103685311,90.17081948341912,90.16804530281374,slsqp
confirmation,745124,10,96,90.16190315817795,90.17156969943885,90.15217088068397,90.16187081178164,slsqp
confirmation,745138,10,96,90.14817058750172,90.17459026517439,90.12125392220398,90.14792603826903,slsqp
confirmation,745142,10,96,90.12647217890961,90.09331666941101,90.15887663886649,90.12610261538308,slsqp
confirmation,745144,10,96,90.12308191512724,90.06889619074408,90.1752898575397,90.12210872452536,slsqp
confirmation,745145,10,96,90.1087583838694,90.02513662577617,90.18776004032493,90.10648502072672,slsqp
confirmation,745157,10,96,90.09576886728958,90.04885151253112,90.14119575564138,90.09503546528727,slsqp
confirmation,745177,10,96,89.9946291012745,90.01976636213118,89.96904156067286,89.9944075352429,slsqp
confirmation,745191,10,96,89.97952011194468,90.02081163678874,89.9369991872745,89.97891517060542,slsqp
confirmation,745195,10,96,89.97405940772427,89.97257177819006,89.975545489295,89.97405864602796,slsqp
confirmation,745197,10,96,89.96130043806244,89.92960983650391,89.9923029725341,89.96096186581764,slsqp
confirmation,745198,10,96,89.95445224521681,89.90098249280614,90.00599173051852,89.9535024347746,slsqp
confirmation,745231,10,96,89.92092372432386,89.44917019754838,90.27485605421948,89.86296145976947,slsqp
confirmation,745232,10,96,89.91076926461196,90.06991100625739,89.73162696930895,89.90092810209006,slsqp
confirmation,745245,10,96,89.90142116867271,89.45039030034124,90.2435864857441,89.84786371053393,slsqp
confirmation,745284,10,96,89.81376571057015,90.22278878077348,89.23781623421173,89.73165400690831,slsqp
confirmation,745285,10,96,89.75571728300673,89.81152970646316,89.69762892920856,89.75459738569639,slsqp
confirmation,745298,10,96,89.73066561152451,89.7387240533865,89.7225613167223,89.73064304896862,slsqp
confirmation,745305,10,96,89.72364794312395,89.72626204169664,89.72102903753537,89.72364557776694,slsqp
confirmation,745306,10,96,89.71525875157657,89.6951717968115,89.73506630618756,89.71512126903527,slsqp
confirmation,745353,10,96,89.69048320023109,89.86129622870409,89.49634366007277,89.67900559335153,slsqp
confirmation,745361,10,96,89.68201391278524,89.83359886075303,89.51234120833969,89.67311389952097,slsqp
confirmation,745422,10,96,89.68177476964975,89.8351563499577,89.50984726185233,89.67264932313944,slsqp
confirmation,745483,10,96,89.68131843292473,89.83759633354764,89.50574241439622,89.67182288807811,slsqp
confirmation,745516,10,96,89.61162787285365,89.24418277262308,89.90336108776357,89.57437829432632,slsqp
confirmation,745518,10,96,89.60661420481728,89.56656839543159,89.64556332281934,89.60607456416986,slsqp
confirmation,745521,10,96,89.59486777246134,89.3359843418602,89.81379965154565,89.57521059472055,slsqp
confirmation,745569,10,96,89.5902267603639,89.42850832287317,89.73541728059136,89.58209423589084,slsqp
confirmation,745570,10,96,89.57981110491905,89.29807376332477,89.8148451180444,89.55683218330832,slsqp
confirmation,745575,10,96,89.57175754899804,89.39883709165422,89.7259081386195,89.5625219180437,slsqp
confirmation,745584,10,96,89.56380142424943,89.30253921161446,89.7844187439587,89.5438031324124,slsqp
confirmation,745624,10,96,89.53642309018407,89.43234194940652,89.63339918187376,89.5329270030102,slsqp
confirmation,745637,10,96,89.5101526984057,89.35039879931514,89.6537450789944,89.50220045419546,slsqp
confirmation,745645,10,96,89.50857897385765,89.32533200012874,89.67086748988999,89.49826650087316,slsqp
confirmation,745678,10,96,89.50381238762046,89.57994811515414,89.42336426500988,89.50169043315985,slsqp
confirmation,745691,10,96,89.45765036540242,89.47408445588603,89.4410238438122,89.45755567711541,slsqp
confirmation,745752,10,96,89.45744740956569,89.47365796111978,89.44104965570159,89.45735529417671,slsqp
confirmation,745813,10,96,89.45717458569557,89.47472459000872,89.43940495379127,89.45706651502209,slsqp
confirmation,745874,10,96,89.45612261871035,89.47766360888264,89.43424980308326,89.45595933962326,slsqp
confirmation,745915,10,96,89.45304755756844,89.50254335507142,89.40176387030752,89.45216780533791,slsqp
confirmation,745926,10,96,89.44811410847397,89.45284870006742,89.44336367577537,89.4481063136447,slsqp
confirmation,745928,10,96,89.40772892915011,89.39531337686425,89.42003680577618,89.40767594589998,slsqp
confirmation,745984,10,96,89.40192411978943,89.44545682037555,89.3570135935571,89.40124614390119,slsqp
confirmation,745992,10,96,89.39222274012693,89.40718796963841,89.37709799005515,89.39214424590725,slsqp
confirmation,746053,10,96,89.39195853668032,89.40790437626951,89.37583145877574,89.39186935595329,slsqp
confirmation,746107,10,96,89.37316445599167,89.3549911316006,89.39110791158546,89.37305134599897,slsqp
confirmation,746108,10,96,89.35408537780009,89.30027494299853,89.40592866140013,89.35311741820344,slsqp
confirmation,746169,10,96,89.35355853353624,89.30302649832375,89.40235195444465,89.35270302779516,slsqp
confirmation,746291,10,96,89.353284306227,89.3038638793433,89.40104051268524,89.35246540675602,slsqp
confirmation,746352,10,96,89.35312930805443,89.30470586245198,89.39995391952621,89.35234258258838,slsqp
confirmation,746413,10,96,89.35283038970829,89.30576340082456,89.3983854687715,89.35208643626379,slsqp
confirmation,746474,10,96,89.3526404861917,89.30526688080714,89.398482734538,89.35188696353781,slsqp
confirmation,746535,10,96,89.35251129072186,89.30601335979962,89.39753307470362,89.35178493478301,slsqp
confirmation,746596,10,96,89.35241158061008,89.3066999112775,89.39669583938155,89.35170920592923,slsqp
confirmation,746657,10,96,89.35220664858758,89.30749113432577,89.39555535888248,89.35153409603747,slsqp
confirmation,746718,10,96,89.35182171899652,89.30947297556834,89.39294253628813,89.35121750281269,slsqp
confirmation,746751,10,96,89.34537181933109,88.79177288903144,89.74247259273987,89.2683883573463,slsqp
confirmation,746752,10,96,89.31005280349574,89.42236794425699,89.18806723776707,89.30529442974402,slsqp
confirmation,746805,10,96,89.27990967885722,88.85785184127714,89.60466853518594,89.2320414905624,slsqp
confirmation,746810,10,96,89.26970197269661,88.9687492205897,89.51779149647092,89.24369258463543,slsqp
confirmation,746819,10,96,89.26137301420042,88.86048023525997,89.57347536090839,89.21769005043869,slsqp
confirmation,746824,10,96,89.25213965890907,88.74913539404712,89.62255594062071,89.1869148656926,slsqp
confirmation,746858,10,96,89.13271986205399,89.15815442138924,89.10681967045095,89.1324907416217,slsqp
confirmation,746862,10,96,89.0760237919412,89.05835557976052,89.09347394343051,89.07591649228144,slsqp
confirmation,746873,10,96,89.06671416250296,88.97403539388209,89.15368927474904,89.06390763258224,slsqp
confirmation,746927,10,96,89.02917538591117,89.12287551501359,88.9288183114016,89.02589978856402,slsqp
confirmation,746983,10,96,89.02386884210061,89.17841030564851,88.85032549971599,89.01451905742141,slsqp
confirmation,747136,10,96,89.02150105211237,89.19826761682485,88.81941461227106,89.00904268081197,slsqp
confirmation,747150,10,96,89.00549599645052,89.15483485127086,88.83848379754998,88.99679988854918,slsqp
confirmation,747158,10,96,88.99731525600589,89.09453966006139,88.8929015023143,88.99377768905646,slsqp
confirmation,747219,10,96,88.99613237257522,89.09603647057806,88.8886213354916,88.99238933102927,slsqp
confirmation,747252,10,96,88.97575768154648,89.21931983658584,88.68124527539476,88.95068941750178,slsqp
confirmation,747435,10,96,88.95242118333302,88.88807123246858,89.01396572699714,88.95104075241456,slsqp
confirmation,747449,10,96,88.93448398956423,88.9646733839721,88.90363483551089,88.9341593463465,slsqp
confirmation,747469,10,96,88.93245018769082,88.97536533822496,88.8881893416535,88.93178802179861,slsqp
confirmation,747530,10,96,88.93228630142879,88.97485165355576,88.88839743936796,88.93163505218853,slsqp
confirmation,747552,10,96,88.89878965319436,88.55665332968353,89.17393711595257,88.86583119994324,slsqp
confirmation,747565,10,96,88.88719627834573,88.5114058491997,89.18364245813326,88.84815993452506,slsqp
confirmation,747566,10,96,88.88323146188978,88.5634542285821,89.1437453031888,88.85407349012748,slsqp
confirmation,747585,10,96,88.88000889044194,88.51830594132605,89.16763270945123,88.84356254037147,slsqp
confirmation,747606,10,96,88.85444891195638,88.87274363611682,88.83591375709484,88.85433060484146,slsqp
confirmation,747619,10,96,88.84612690479962,88.84930680851531,88.84293981469771,88.84612336864137,slsqp
confirmation,747620,10,96,88.84497234147567,88.88315300063324,88.80572914531228,88.8444495068897,slsqp
confirmation,747624,10,96,88.82797903512962,88.81412046591156,88.84170271324167,88.82791266015843,slsqp
confirmation,747626,10,96,88.82725729239812,88.79413901689453,88.85961547516365,88.82688327906574,slsqp
confirmation,747627,10,96,88.82032412023838,88.76138098320124,88.8769015118686,88.81916002866552,slsqp
confirmation,747688,10,96,88.82014954196943,88.76221083203669,88.87580088893797,88.81902401918487,slsqp
confirmation,747721,10,96,88.80909552268078,89.09543837625537,88.44934593084601,88.7729799405528,slsqp
confirmation,747737,10,96,88.8063325290588,88.96180880366602,88.6315560223612,88.79683594747333,slsqp
confirmation,747740,10,96,88.78777289295768,88.95831546760026,88.59371298542395,88.7762014038018,slsqp
confirmation,747742,10,96,88.78283305113771,88.93536388234679,88.61176538934356,88.7737120838751,slsqp
confirmation,747743,10,96,88.76232262006738,88.83921880762468,88.68098603174796,88.76013767990699,slsqp
confirmation,747804,10,96,88.76188499324134,88.83937344895324,88.67988542100265,88.75966525704324,slsqp
confirmation,747897,10,96,88.75558598984956,88.8515869651301,88.65256157795399,88.75213006050897,slsqp
confirmation,747910,10,96,88.75290677398678,88.83730383701509,88.6631295365687,88.75025941440536,slsqp
confirmation,747911,10,96,88.7473342509877,88.86222016555473,88.62223976675324,88.74231108672858,slsqp
confirmation,747912,10,96,88.7318392124338,88.76812863209814,88.69458998512256,88.73136692701664,slsqp
confirmation,747915,10,96,88.72170316030574,88.78260606657399,88.65804688734325,88.72034833636198,slsqp
confirmation,747918,10,96,88.72033864208875,88.74589923637315,88.69430552008856,88.72010612866542,slsqp
confirmation,747951,10,96,88.6921265350286,88.26795440040824,89.01762720294501,88.64358331790024,slsqp
confirmation,747953,10,96,88.65651372839818,88.46724375844003,88.82331783696416,88.64545958418175,slsqp
confirmation,747964,10,96,88.65613619824153,88.1450563051937,89.03021023269488,88.58873880218529,slsqp
confirmation,748007,10,96,88.64597467907755,88.74814406173115,88.53580154357081,88.64203638614227,slsqp
confirmation,748008,10,96,88.637801878826,88.41197649722237,88.83234165487062,88.62240831762885,slsqp
confirmation,748059,10,96,88.60993542569915,88.47946834022608,88.72932075213653,88.60448261488973,slsqp
confirmation,748072,10,96,88.60236787826135,88.44917544155496,88.74050003154575,88.59495748105458,slsqp
confirmation,748073,10,96,88.59640242492854,88.4850157131436,88.69961030621673,88.59237798543951,slsqp
confirmation,748078,10,96,88.57156941833172,88.36925178673663,88.74839977843764,88.55902868872559,slsqp
confirmation,748127,10,96,88.57111453002983,88.52169178247257,88.61885870172385,88.57028856684157,slsqp
confirmation,748129,10,96,88.56816639749835,88.45036724666008,88.67685325258296,88.56368264940537,slsqp
confirmation,748132,10,96,88.54651375047625,88.41301726303278,88.66842280123639,88.54081212529098,slsqp
confirmation,748187,10,96,88.5336424612801,88.48729528422687,88.57850976211884,88.53291427033152,slsqp
confirmation,748203,10,96,88.53266879801093,88.49358599057656,88.57069400202883,88.5321483910579,slsqp
confirmation,748221,10,96,88.49085394582205,88.54507543622691,88.43445503064284,88.48978251915275,slsqp
confirmation,748225,10,96,88.48971527658044,88.56253583853791,88.41291190452652,88.48775549642414,slsqp
confirmation,748234,10,96,88.4888405507905,88.53244462280053,88.44383933510979,88.48815306927803,slsqp
confirmation,748235,10,96,88.4843467170905,88.55900523604005,88.40549568886236,88.48228375327581,slsqp
confirmation,748236,10,96,88.44390957324511,88.40947691192149,88.47751788358552,88.44350394087678,slsqp
confirmation,748242,10,96,88.44188400732128,88.40529635376465,88.47754226164028,88.44142668471969,slsqp
confirmation,748303,10,96,88.44185492376194,88.40539515250614,88.47739169946964,88.44140075217075,slsqp
confirmation,748364,10,96,88.44180648486146,88.40520803267654,88.47747499526145,88.44134889529312,slsqp
confirmation,748425,10,96,88.44157342199802,88.4062200341772,88.4760583145247,88.44114606789798,slsqp
confirmation,748486,10,96,88.44053993694254,88.40516243296406,88.4750477649402,88.44011200187165,slsqp
confirmation,748547,10,96,88.44040051313907,88.40626857273423,88.47372223868737,88.44000183662035,slsqp
confirmation,748598,10,96,88.43337155925427,88.42303964384944,88.44362798226949,88.43333441221091,slsqp
confirmation,748604,10,96,88.42531882900954,88.40742744554316,88.44298501847909,88.42520801931397,slsqp
confirmation,749188,10,96,88.39414077731404,88.34353463601015,88.44298501847908,88.39327381357373,split_probe
confirmation,749190,10,96,88.39308911472325,88.34135316225127,88.44298501847908,88.39218369719268,split_probe
confirmation,749242,10,96,88.38418457674113,88.33630818774267,88.43048089493159,88.38340708399035,split_probe
confirmation,749255,10,96,88.31229285700255,88.16815065009864,88.44298501847908,88.30567475546914,split_probe
confirmation,749257,10,96,88.24824541606812,88.021989074126,88.44298501847908,88.23273814051242,split_probe
confirmation,751228,11,112,88.22111440971477,87.85064792871074,88.51377984083477,88.1828372281309,cmaes_backtrack
confirmation,822218,11,112,88.22075272529368,87.84287420786505,88.51801326475015,88.18108987032676,sqp_sensitivity_probe
confirmation,822221,11,112,88.21380797840848,87.82742115897662,88.51629000284044,88.17252832743088,sqp_sensitivity_probe
confirmation,822225,11,112,88.21184191198033,87.83824185337174,88.5064483336533,88.1729780843572,sqp_sensitivity_probe
confirmation,822232,11,112,88.2100451660324,87.82160200472309,88.51377984083474,88.16837017997936,sqp_sensitivity_probe
confirmation,822262,11,112,88.16729060506364,87.71149341432876,88.51051915384807,88.11191201493571,sqp_sensitivity_probe
confirmation,822421,11,112,88.15146873147245,87.8812263904223,88.37786599094093,88.12989603136205,split_probe
confirmation,822423,11,112,88.10186981390537,87.7576495984538,88.37786599094093,88.06830377655092,split_probe
confirmation,822607,11,112,88.09357221030231,87.73631296223591,88.37786599094093,88.0576737409072,split_probe
confirmation,822642,11,112,88.05314723674172,87.97692893632123,88.1254231826118,88.05120736304792,split_probe
confirmation,822654,11,112,88.02470559886937,87.55004655269043,88.3783277317884,87.96516203601759,split_probe
confirmation,824916,12,122,88.01504834907222,87.5142798652948,88.38287926252441,87.94965186706287,cmaes_backtrack
confirmation,827151,12,122,87.98493641358738,87.63806242650111,88.26255863499449,87.95086481288045,cmaes_backtrack
confirmation,827976,12,122,87.97301185423537,87.55433480892701,88.29466523046914,87.92527922046736,cmaes_backtrack
confirmation,828476,12,122,87.96816794426591,87.81696642279428,88.1045839098711,87.9608927240785,cmaes_backtrack
confirmation,829800,12,122,87.96347531909103,87.12281616169987,88.48433000014556,87.8062120567788,cmaes
confirmation,829824,12,122,87.85859721537793,86.85450428754154,88.43600989815866,87.64882418418911,cmaes
confirmation,830368,12,122,87.84732564922767,87.30413502069533,88.23719220473951,87.77190347681866,cmaes
