frame,phase,L3_mm,L8_mm,L32_mm,B_x_mm,B_y_mm,B_z_mm
0,0.0,272.8189465778484,254.6330449642466,169.90261966477584,38.941732807199685,-32.362186834522,6.741274205523951e-13
1,0.013157894736842105,271.5485123280006,255.63457594039843,168.63218541492802,38.941732807199685,-32.00911649697778,-2.873275852734927
2,0.02631578947368421,270.26066410162736,256.6822942859307,167.3443371885548,38.941732807199685,-31.622560303025246,-5.789234404859809
3,0.039473684210526314,268.9722143298879,257.77021561483923,166.05588741681532,38.941732807199685,-31.21594959511382,-8.730261147870769
4,0.05263157894736842,267.69936425545893,258.89243259039796,164.78303734238636,38.941732807199685,-30.798753049418316,-11.681514059913376
5,0.06578947368421052,266.45739141370325,260.04311370017103,163.54106450063068,38.941732807199685,-30.37622947906645,-14.63053418855959
6,0.07894736842105263,265.26036571329695,261.21649305439456,162.34403880022438,38.941732807199685,-29.94932620157223,-17.566662272971318
7,0.09210526315789473,264.12090095365494,262.40685264228745,161.20457404058237,38.941732807199685,-29.51472545711392,-20.480311680057767
8,0.10526315789473684,263.04994763282116,263.60849872587045,160.1336207197486,38.941732807199685,-29.065037117887062,-23.362157557057394
9,0.11842105263157894,262.05663176246094,264.81573424191447,159.14030484938837,38.941732807199685,-28.589131733729257,-26.202307796337568
10,0.13157894736842105,261.14814314728477,266.0228292142688,158.2318162342122,38.941732807199685,-28.072603931380026,-28.989522802755516
11,0.14473684210526316,260.3296752390482,267.22399124730566,157.41334832597562,38.941732807199685,-27.498352435340752,-31.710548055119908
12,0.15789473684210525,259.60441727691557,268.4133381745813,156.688090363843,38.941732807199685,-26.847259610932518,-34.34961624244807
13,0.17105263157894735,258.9735980145631,269.5848748749344,156.05727110149053,38.941732807199685,-26.09895053794001,-36.88816477897884
14,0.18421052631578946,258.4365789482993,270.7324761428259,155.52025203522675,38.941732807199685,-25.232609286280297,-39.30480044285273
15,0.19736842105263158,257.9909936373837,271.8498773142684,155.07466672431116,38.941732807199685,-24.227828348338534,-41.57552662088319
16,0.21052631578947367,257.63292848352495,272.93067410940563,154.71660157045238,38.941732807199685,-23.06546613386578,-43.67423119583902
17,0.22368421052631576,257.3571392444002,273.9683328644178,154.4408123313276,38.941732807199685,-21.728487082230675,-45.57341558105651
18,0.23684210526315788,257.1572966254948,274.9562119970837,154.2409697124222,38.941732807199685,-20.2027593038299,-47.24512889795412
19,0.25,257.02625355068795,275.88759519127706,154.1099266376154,38.941732807199685,-18.47778571865385,-48.66205685440871
20,0.2631578947368421,256.9563261747605,276.7557364060652,154.0399992616879,38.941732807199685,-16.547346387262383,-49.79870344135517
21,0.2763157894736842,256.9395803846679,277.55391642569003,154.02325347159535,38.941732807199685,-14.410032081228875,-50.63259586517783
22,0.2894736842105263,256.96811544922446,278.2755102786053,154.0517885361519,38.941732807199685,-12.069652052789825,-51.14543969001748
23,0.3026315789473684,257.03433662074025,278.91406447802115,154.11800970766768,38.941732807199685,-9.535502357911657,-51.324152231643765
24,0.3157894736842105,257.1312088627648,279.46338268384983,154.21488194969226,38.941732807199685,-6.822484870915501,-51.16170780002874
25,0.3289473684210526,257.2524844648351,279.91761806675294,154.33615755176254,38.941732807199685,-3.951071199105832,-50.65773813090257
26,0.3421052631578947,257.39289809150415,280.27137037847746,154.47657117843158,38.941732807199685,-0.9471099515175005,-49.81884471715128
27,0.35526315789473684,257.5483237769905,280.5197855070194,154.63199686391795,38.941732807199685,2.1585198789833457,-48.658595962179895
28,0.3684210526315789,257.7158894917113,280.65865512718625,154.79956257863876,38.941732807199685,5.330402414089856,-47.19720016339755
29,0.381578947368421,257.8940461418186,280.6845139521157,154.97771922874603,38.941732807199685,8.529214190244714,-45.46086420820157
30,0.39473684210526316,258.08258918342517,280.5947320528015,155.1662622703526,38.941732807199685,11.712474395323337,-43.48086638601624
31,0.40789473684210525,258.2826324029411,280.3875997424493,155.36630548986852,38.941732807199685,14.835397779661442,-41.29238876175823
32,0.42105263157894735,258.49653479594303,280.0624026204345,155.58020788287047,38.941732807199685,17.851829065535863,-38.93316907595906
33,0.43421052631578944,258.72778283108835,279.6194845347991,155.81145591801578,38.941732807199685,20.715235328816117,-36.44204323968366
34,0.4473684210526315,258.9808316753076,279.060296448856,156.06450476223506,38.941732807199685,23.379731104446094,-33.85745648598407
35,0.4605263157894737,259.2609101461893,278.3874294810671,156.34458323311674,38.941732807199685,25.801109921625528,-31.216023676987742
36,0.47368421052631576,259.57379521417846,277.6046307208961,156.6574683011059,38.941732807199685,27.93785563461126,-28.551216973288543
37,0.48684210526315785,259.92556277166375,276.7168007983747,157.00923585859118,38.941732807199685,29.752107291347038,-25.892252161256163
38,0.5,260.32232209338576,275.7299725920753,157.4059951803132,38.941732807199685,31.210552365586693,-23.26323379416961
39,0.513157894736842,260.7699419131644,274.65127088858384,157.85361500009185,38.941732807199685,32.285224940502204,-20.682604580552553
40,0.5263157894736842,261.2737763216776,273.4888532453016,158.35744940860502,38.941732807199685,32.95418782620349,-18.162927010974926
41,0.5394736842105263,261.838398740946,272.25183274607673,158.92207182787342,38.941732807199685,33.20208055617987,-15.711006081763532
42,0.5526315789473684,262.4673520515911,270.95018376432904,159.55102513851853,38.941732807199685,33.02051865898373,-13.328342283176053
43,0.5657894736842105,263.1629225434525,269.5946322498788,160.24659563037994,38.941732807199685,32.4083334487854,-11.011884938826624
44,0.5789473684210527,263.9259447395947,268.19653242307226,161.00961782652212,38.941732807199685,31.371645718222897,-8.755038645765854
45,0.5921052631578947,264.75564332483646,266.7677320833801,161.8393164117639,38.941732807199685,29.92377103776477,-6.548861000571969
46,0.6052631578947368,265.6495174148712,265.3204290109218,162.73319050179862,38.941732807199685,28.084958751172607,-4.383378870583299
47,0.6184210526315789,266.6032712578388,263.86702115120323,163.68694434476623,38.941732807199685,25.88197108839229,-2.2489438278349594
48,0.631578947368421,267.61079419800535,262.4199534201869,164.69446728493278,38.941732807199685,23.347512978556644,-0.1375453965705161
49,0.6447368421052632,268.66419138539305,260.9915640447947,165.7478644723205,38.941732807199685,20.51952702460357,1.9559964164665398
50,0.6578947368421052,269.753865322517,259.5939333610325,166.83753840944445,38.941732807199685,17.44037159281883,4.03303041279112
51,0.6710526315789473,270.8686469378648,258.2387379279831,167.95232002479224,38.941732807199685,14.15590298142945,6.0903248342589
52,0.6842105263157894,271.99597350373415,256.93711268265116,169.07964659066158,38.941732807199685,10.714485081285506,8.11961381673342
53,0.6973684210526315,273.1221094110928,255.6995236616179,170.20578249802026,38.941732807199685,7.165951763018968,10.10746655475928
54,0.7105263157894737,274.2324046120244,254.53565355597013,171.31607769895186,38.941732807199685,3.5605483702486023,12.035486981152593
55,0.7236842105263157,275.3115844740848,253.45430205288264,172.39525756101222,38.941732807199685,-0.052120862845996374,13.880832327882036
56,0.7368421052631579,276.3440638898781,252.46330255884533,173.42773697680553,38.941732807199685,-3.62411292999956,15.617020304988156
57,0.75,277.31427777422806,251.56945650530866,174.3979508611555,38.941732807199685,-7.110108155637375,17.21497791969021
58,0.763157894736842,278.20701958022465,250.77848601786025,175.2906926671521,38.941732807199685,-10.46829039948855,18.644271145755187
59,0.7763157894736842,279.0077791881772,250.09500529598535,176.09145227510464,38.941732807199685,-13.661123785175885,19.87444455212512
60,0.7894736842105263,279.7030714760918,249.52251061338632,176.78674456301923,38.941732807199685,-16.656007251502754,20.87639419076436
61,0.8026315789473684,280.28074706835986,249.06338842015947,177.3644201552873,38.941732807199685,-19.425791594880295,21.623695845845752
62,0.8157894736842105,280.73027717622955,248.71894061900792,177.81395026315698,38.941732807199685,-21.949147442029993,22.093814198527525
63,0.8289473684210525,281.04300507842333,248.4894257086878,178.12667816535077,38.941732807199685,-24.210776660771373,22.269126320752306
64,0.8421052631578947,281.2123576261546,248.3741141487626,178.29603071308202,38.941732807199685,-26.201463972359885,22.137704668893573
65,0.8552631578947368,281.2340111714672,248.3713560090959,178.31768425839465,38.941732807199685,-27.917969855495425,21.69381966093315
66,0.8684210526315789,281.10600748413907,248.47865873260372,178.1896805710665,38.941732807199685,-29.362770111979405,20.938139058682633
67,0.881578947368421,280.82881650904136,248.69277266633617,177.9124895959688,38.941732807199685,-30.54365158064786,19.877619678640155
68,0.894736842105263,280.4053441882837,249.00978190800572,177.48901727521115,38.941732807199685,-31.47317732781268,18.525105295782186
69,0.9078947368421052,279.84088499377646,249.42519797484445,176.9245580807039,38.941732807199685,-32.168038104774254,16.898661862527746
70,0.9210526315789473,279.14302024777913,249.93405382955558,176.22669333470657,38.941732807199685,-32.64830985225182,15.02069629179157
71,0.9342105263157894,278.3214647130284,250.53099589263152,175.4051377999558,38.941732807199685,-32.936639467047854,12.916917136915531
72,0.9473684210526315,277.38786527236596,251.21037182816536,174.4715383592934,38.941732807199685,-33.05738286235307,10.615203823220527
73,0.9605263157894737,276.35555675441145,251.96631210646473,173.43922984133889,38.941732807199685,-33.0357205012349,8.14445516278673
74,0.9736842105263157,275.2392810634867,252.79280361471106,172.32295415041415,38.941732807199685,-32.8967760327611,5.533487497575598
75,0.9868421052631579,274.0548767091135,253.6837538986039,171.13854979604093,38.941732807199685,-32.66476340074411,2.8100480253346936
