sample,phase,wrist_x_mm,wrist_y_mm,wrist_z_mm,tip_x_mm,tip_y_mm,tip_z_mm,wrist_tip_length_mm
0,0.0,-204.8335081400101,93.39286456828708,18.45679454517001,-346.1172291047493,-240.37468612838848,-280.1213018456298,469.58571885445355
1,0.0027777777777777,-203.95504394470973,94.4184402509862,21.87447909046823,-346.53803737567773,-244.1565968846575,-270.57456175308954,469.5629960691695
2,0.0055555555555555,-203.04514914622376,95.42516708206122,25.285862700526444,-346.9707155132499,-247.86006121707103,-260.93336244048874,469.55378974381597
3,0.0083333333333333,-202.1043022191857,96.41248766305604,28.689357118419743,-347.4133677187211,-251.48269728554,-251.2015955881621,469.5580151948896
4,0.0111111111111111,-201.13302322237217,97.37985866187137,32.08338977763552,-347.8641228581763,-255.02216469577556,-241.3831840962551,469.5755196911567
5,0.0138888888888888,-200.13187335584325,98.3267512738208,35.46640493391766,-348.3211371479066,-258.47616671917325,-231.48207972197469,469.6060834908617
6,0.0166666666666666,-199.10145446672087,99.2526516679663,38.8368647750028,-348.78259679512644,-261.84245247706207,-221.50226070504627,469.64942123030664
7,0.0194444444444444,-198.0424085041494,100.15706141824924,42.1932505071356,-349.24672059069184,-265.11881908684313,-211.44772938352932,469.7051836548451
8,0.0222222222222222,-196.95541692404385,101.03949791895076,45.53406341727928,-349.71176245054613,-268.3031137675867,-201.32250980214425,469.7729596812498
9,0.025,-195.84120004429656,101.89949478403474,48.85782590996737,-350.17601390268345,-271.3932359026968,-191.13064531526769,469.8522787784317
10,0.0277777777777777,-194.700516351169,102.73660222994287,52.163082517773525,-350.63780651648875,-274.38713905730145,-180.8761961867551,469.9426136516229
11,0.0305555555555555,-193.53416175765892,103.55038744143332,55.44840088440929,-351.0955142713912,-277.2828329480768,-170.56323718874324,470.04338321341305
12,0.0333333333333333,-192.3429688146909,104.34043492007162,58.712372719492365,-351.54755586184064,-280.0783853632623,-160.19585520158384,470.1539558234404
13,0.0361111111111111,-191.12780587603532,105.10634681500451,61.95361472406316,-351.9923969357014,-282.7719240306845,-149.7781468170515,470.27365277712374
14,0.0388888888888888,-189.8895762179201,105.84774323566684,65.1707694859625,-352.42855226324093,-285.36163843165826,-139.31421594695846,470.40175202256006
15,0.0416666666666666,-188.629217114352,106.5642625460926,68.36250634422053,-352.85458783397934,-287.845781558701,-128.80817143929875,470.5374920836348
16,0.0444444444444444,-187.3476988692214,107.25556164052364,71.52752222164399,-353.2691228787578,-290.22267161505283,-118.26412470402887,470.6800761664828
17,0.0472222222222222,-186.0460238063177,107.92131620002986,74.66454242482756,-353.6708318144785,-292.4906936540628,-107.68618735057572,470.8286764257132
18,0.05,-184.7252252184309,108.56122092987748,77.77232141085472,-354.05844610906644,-294.6483011565703,-97.0784688391444,470.98243836625966
19,0.0527777777777777,-183.3863662767704,109.1749897774048,80.84964351999366,-354.4307560643056,-296.6940175444764,-86.44507414787613,471.14048535634447
20,0.0555555555555555,-182.0305389019776,109.76235613018603,83.89532367373407,-354.7866125143043,-298.62643762877553,-75.7901014578854,471.3019232268349
21,0.0583333333333333,-180.65886259805563,110.32307299428868,86.90820803755358,-355.1249284374517,-300.44422899039,-65.11763985817655,471.465844932233
22,0.0611111111111111,-179.2724832505899,110.85691315245047,89.88717464784361,-355.44468047983884,-302.1461332922255,-54.43176707241655,471.6313352486457
23,0.0638888888888888,-177.87257189067097,111.36366930202834,92.8311340024688,-355.7449103882245,-303.7309675209436,-43.73654720950592,471.7974754843425
24,0.0666666666666666,-176.46032342597965,111.84315417259224,95.73902961447624,-356.0247263507473,-305.19762515702826,-33.03602853986218,471.96334817890124
25,0.0694444444444444,-175.03695534053062,112.29520062306236,98.60983852851628,-356.28330424369284,-306.5450772718025,-22.33424129929352,472.12804176745317
26,0.0722222222222222,-173.6037063646116,112.71966171831122,101.44257179957972,-356.5198887827533,-307.7723735501343,-11.635195522304564,472.2906551871726
27,0.075,-172.1618351164928,113.11641078517582,104.23627493370292,-356.7337945773283,-308.8786432376593,-0.9428789066386852,472.45030240388047
28,0.0777777777777777,-170.71261871751418,113.48534144784934,106.99002829033572,-356.92440708654294,-309.8630960114257,9.738745289178963,472.6061168374493
29,0.0805555555555555,-169.25735138219358,113.82636764264512,109.70294744611412,-357.0911834757816,-310.7250227729629,20.40574031357607,472.7572556655896
30,0.0833333333333333,-167.7973429850287,114.13942361215057,112.37418351982504,-357.23365337266097,-311.463796362857,31.05419795326696,472.90290398655753
31,0.0861111111111111,-166.33391760569498,114.42446387881073,115.0029234583962,-357.3514195214924,-312.0788721960082,41.68024052655358,473.0422788223323
32,0.0888888888888888,-164.86841205436926,114.68146319800772,117.5883902837908,-357.4441583354111,-312.56978881683614,52.28002283700664,473.17463294487374
33,0.0916666666666666,-163.4021743789337,114.91041649072272,120.12984330073266,-357.51162034547906,-312.93616837378966,62.84973408599287,473.2992585091573
34,0.0944444444444444,-161.93656235583694,115.1113387558936,122.62657826523396,-357.5536305461984,-313.1777170126087,73.38559974256128,473.41549047780234
35,0.0972222222222222,-160.47294196641087,115.28426496260305,125.0779275139435,-357.570088637,-313.29422518788056,83.88388336925522,473.52270982324643
36,0.1,-159.01268586045958,115.42924992225596,127.48326005438022,-357.5609691594064,-313.28556789252497,94.340888402471,473.62034649456615
37,0.1027777777777777,-157.55717180895348,115.54636814092768,129.84198161616203,-357.5263215296956,-313.15170480493543,104.75295988603688,473.7078821371963
38,0.1055555555555555,-156.1077811476752,115.6357136520879,132.15353466338632,-357.466269967027,-312.89268035360044,115.11648615674626,473.7848525549599
39,0.1083333333333333,-154.665897213677,115.69739982992668,134.41739836836356,-357.3810133171197,-312.5086236991203,125.4279004806323,473.85084990497216
40,0.1111111111111111,-153.2329037764176,115.73155918353292,136.63308854695154,-357.2708247717049,-311.9997486336296,135.68368263883443,473.90552461713054
41,0.1138888888888888,-151.81018346545443,115.73834313219574,138.80015755578097,-357.1360514841084,-311.36635339773346,145.88036046196308,473.9485870310506
42,0.1166666666666666,-150.3991161965729,115.71792176212256,140.9181941517097,-356.97711408144386,-310.6088204151532,156.0145113119343,473.97980874443715
43,0.1194444444444444,-149.0010775982356,115.6704835648876,142.98682331388528,-356.7945060740339,-309.72761594537786,166.08276351030486,473.9990236680124
44,0.1222222222222222,-147.6174374402366,115.59623515794628,145.00570602883923,-356.5887931628004,-308.7232896547076,176.0817977122029,474.0061287832422
45,0.125,-146.24955806644255,115.49540098757149,146.97453903908,-356.3606124454967,-307.5964741061683,186.0083482250137,474.0010846002132
46,0.1277777777777777,-144.89879283350032,115.36822301458665,148.89305455569277,-356.11067152278,-306.3478841688722,195.8592042710428,473.9839153141277
47,0.1305555555555555,-143.56648455738193,115.21496038329192,150.76101993549725,-355.8397475052495,-304.97831634748746,205.6312111934476,473.9547086599815
48,0.1333333333333333,-142.25396396963131,115.03588907399708,152.57823732335297,-355.5486859226993,-303.4886480325737,215.3212716047892,473.9136154660967
49,0.1361111111111111,-140.9625481851657,114.83130153959463,154.3445432602449,-355.2383995369597,-301.8798366726288,224.92634647763,473.8608489082851
50,0.1388888888888889,-139.69353918347036,114.601506326624,156.05980825781853,-354.9098670598198,-300.1529188687833,234.4434561766623,473.79668346751686
51,0.1416666666666666,-138.4482223050119,114.3468276812952,157.72393634007344,-354.5641317776467,-298.3090093931648,243.86968143192527,473.72145359508227
52,0.1444444444444444,-137.2278647646764,114.067605140958,159.33686455296157,-354.202300084431,-296.34930013204297,253.20216425273452,473.63555209034087
53,0.1472222222222222,-136.03371418401926,113.76419311151788,160.89856244267173,-353.8255399251078,-294.2750589549515,262.43810878201424,473.5394281972726
54,0.15,-134.86699714409184,113.43696043131656,162.40903150342027,-353.4350791511111,-292.0876285110663,271.57478209079284,473.43358542716436
55,0.1527777777777778,-133.72891776058628,113.08628992200993,163.8683045955975,-353.0322037902332,-289.7884249542026,280.6095149126889,473.3185791158953
56,0.1555555555555555,-132.62065628301258,112.71257792699016,165.27644533515783,-352.61825623297017,-287.3789365978745,289.5397023182835,473.1950137254152
57,0.1583333333333333,-131.5433677195951,112.3162338379132,166.63354745517017,-352.194633337635,-284.86072250194024,298.3628043293424,473.06353990014316
58,0.1611111111111111,-130.49818048954396,111.89767960990532,167.9397341404772,-351.7627844566288,-282.2354109924322,307.0763464729192,472.924851290149
59,0.1638888888888889,-129.4861951043262,111.45734926603542,169.1951573364427,-351.3242093863566,-279.50469811624816,315.6779202754379,472.77968115411124
60,0.1666666666666666,-128.50848287952542,110.99568839165114,170.39999703279366,-350.8804562433709,-276.6703460324528,324.16518369692284,472.62879875616534
61,0.1694444444444444,-127.56608467884348,110.51315361918724,171.55446052359122,-350.4331192694237,-273.73418134200944,332.535861505605,472.47300557186634
62,0.1722222222222222,-126.66000969176012,110.0102121040665,172.65878164439076,-349.98383656819203,-270.69809335783293,340.78774559320595,472.3131313195807
63,0.175,-125.79123424632476,109.4873409923208,173.71321998767633,-349.5342877765348,-267.56403231711874,348.91869523126354,472.1500298346788
64,0.1777777777777777,-124.96070065851453,108.94502688057072,174.71806009767735,-349.086191673218,-264.3340075379715,356.9266372689269,471.98457480493187
65,0.1805555555555555,-124.1693161195492,108.38376526900824,175.67361064569687,-348.64130372812707,-261.0100855224152,364.8095662727154,471.817655386493
66,0.1833333333333333,-123.4179516225064,107.80406000803563,176.58020358710303,-348.2014135950621,-257.59438800792884,372.565544608798,471.6501717207712
67,0.1861111111111111,-122.70744092953656,107.20642273921894,177.4381933011516,-347.7683425512811,-254.08908996970865,380.1927024684107,471.4830303733694
68,0.1888888888888889,-122.03857958092657,106.59137233122084,178.24795571482736,-347.34394088702714,-250.4964175759104,387.6892378370938,471.31713971703897
69,0.1916666666666666,-121.4121239472118,105.95943431138188,179.00988741190687,-346.9300852483404,-246.81864609818052,395.05341640848985,471.1534052813058
70,0.1944444444444444,-120.82879032548522,105.31114029362288,179.7244047284601,-346.5286759365126,-243.05809777983083,402.2835714435008,470.99272509201546
71,0.1972222222222222,-120.28925408099892,104.6470274033457,180.39194283602063,-346.1416341676033,-239.21713966405923,409.37810357566366,470.8359850245368
72,0.2,-119.79414883509936,103.96763770000967,181.0129548136675,-345.7708992954835,-235.29818138466263,416.3354805636605,470.68405419472674
73,0.2027777777777777,-119.34406570048311,103.27351759806476,181.5879107102687,-345.4184260019249,-231.30367292172804,423.1542369919304,470.53778041199
74,0.2055555555555555,-118.93955256470174,102.56521728692164,182.117296598148,-345.08618145729315,-227.2361023248249,429.8329739204116,470.39798571885984
75,0.2083333333333333,-118.5811134227882,101.8432901506395,182.60161361944049,-344.7761424554449,-223.09799340625813,436.37035848448784,470.26546204146234
76,0.2111111111111111,-118.26920775981768,101.10829218801098,183.0413770264097,-344.4902925264609,-218.8919034069706,442.7651234462695,470.1409669750031
77,0.2138888888888889,-118.00424998415612,100.36078143372242,183.4371152170017,-344.2306190308787,-214.62042063771344,449.01606669838674,470.0252197280296
78,0.2166666666666666,-117.78660891208926,99.60131738126404,183.78936876691327,-343.9991102391164,-210.28616209812768,455.12205072152045,469.9188972486643
79,0.2194444444444444,-117.61660730446248,98.83046040826248,184.09868945945288,-343.79775239979426,-205.89177107640236,461.0820019969443,469.8226305552669
80,0.2222222222222222,-117.4945214559018,98.04877120490264,184.3656393144706,-343.6285268006835,-201.4399147321938,466.8949103753925,469.7370012930836
81,0.225,-117.42058083712011,97.25681020610207,184.5907896176322,-343.49340682602167,-196.9332816655064,472.5598284036162,469.66253853736004
82,0.2277777777777777,-117.39496779075208,96.45513702809376,184.7747199513054,-343.3943550139383,-192.3745794742464,478.075870610026,469.5997158621451
83,0.2305555555555555,-117.41781728109513,95.6443099100679,184.91801722832423,-343.3333201177424,-187.76653230317228,483.4422127508616,469.5489486926059
84,0.2333333333333333,-117.48921669807038,94.8248851615156,185.02127472988664,-343.31223417481726,-183.11187838696853,488.658091018365,469.51059195710616
85,0.2361111111111111,-117.60920571565184,93.99741661590808,185.0850911488327,-343.33300958686505,-178.41336759017395,493.72280121246905,469.4849380535948
86,0.2388888888888889,-117.77777620494686,93.16245509133772,185.1100696395414,-343.397536215229,-173.67375894669505,498.6356978775464,469.4722151430092
87,0.2416666666666666,-117.99487220204576,92.32054785873702,185.09681687566956,-343.5076784950082,-168.89581820163124,503.3961934057943,469.47258578044534
88,0.2444444444444444,-118.26038993069253,91.47223811827963,185.04594211694476,-343.6652725716584,-164.0823153581306,508.00375710886175,469.4861458927923
89,0.2472222222222222,-118.5741778797628,90.61806448455962,184.95805628620812,-343.8721234637483,-159.2360222319879,512.4579142593484,469.5129241093919
90,0.25,-118.93603693546962,89.75856048112978,184.8337710578868,-344.1300022555097,-154.35971001667878,516.7582451038352,469.55288145009195
91,0.2527777777777777,-119.345720568152,88.89425404496993,184.67369795905677,-344.44064332278805,-149.45614686151137,520.9043838491231,469.60591137282375
92,0.2555555555555555,-119.8029350734354,88.0256670414413,184.47844748423915,-344.8057415959617,-144.52809546555446,524.8960176233809,469.67184018057867
93,0.2583333333333333,-120.30733986748886,87.1533147902703,184.24862822505045,-345.2269498633523,-139.5783106899794,528.7328854139209,469.75042778540967
94,0.2611111111111111,-120.8585478360374,86.27770560308929,183.9848460158059,-345.70587611860645,-134.60953719142773,532.4147769833346,469.84136882485143
95,0.2638888888888889,-121.45612573672544,85.39934033304792,183.6877030961512,-346.24408095547426,-129.62450707898432,535.9415317657352,469.94429412397363
96,0.2666666666666666,-122.09959465436124,84.51871193699198,183.35779729177275,-346.84307501335445,-124.62593759730764,539.3130377448712,470.05877249416517
97,0.2694444444444444,-122.78843050851046,83.63630505069102,182.99572121421195,-347.50431647691954,-119.6165288384309,542.5292303158707,470.18431285771175
98,0.2722222222222222,-123.52206461284317,82.75259557757829,182.6020614807782,-348.2292086330665,-114.59896148471104,545.5900911323998,470.32036668530736
99,0.275,-124.29988428557728,81.86805029144968,182.1773979555307,-349.0190974883731,-109.57589458535926,548.49564694101,470.46633073182386
100,0.2777777777777778,-125.12123351029943,80.98312645355035,181.722303012266,-349.8752694501672,-104.54996336894786,551.2459684044571,470.6215500539925
101,0.2805555555555555,-125.98541364638427,80.09827144445839,181.2373408204194,-350.7989490742428,-99.52377709423293,553.8411689157755,470.7853212921179
102,0.2833333333333333,-126.89168418817432,79.21392241115703,180.7230666547549,-351.7912968821724,-94.4999169415936,556.281403404886,470.95689619657173
103,0.2861111111111111,-127.83926357202256,78.33050592966656,180.1800262296848,-352.8534072510889,-89.4809339473263,558.5668671395143,471.135485378605
104,0.2888888888888889,-128.82733003024407,77.44843768358763,179.60875505902928,-353.9863063787173,-84.46934698298543,560.6977945221872,471.32026226396783
105,0.2916666666666667,-129.8550224909663,76.56812215888684,179.00977784198497,-355.1909503263506,-79.46764078189726,562.6744578850655,471.510367226963
106,0.2944444444444444,-130.9214415228118,75.68995235523599,178.38360787604176,-356.46822314236954,-74.4782640149225,564.4971662843657,471.7049118818601
107,0.2972222222222222,-132.0256503232957,74.8143095141935,177.7307464975461,-357.81893506880874,-69.50362741747156,566.1662642961014,471.90298350806404
108,0.3,-133.16667574976415,73.94156286449692,177.05168255057183,-359.24382083337235,-64.54610196971933,567.6821308148653,472.1036495850799
109,0.3027777777777777,-134.34350939165424,73.07206938471232,176.3468918847224,-360.7435380292004,-59.60801713189432,569.0451778573553,472.305962413116
110,0.3055555555555556,-135.5551086828006,72.20617358346568,175.61683688244725,-362.3186655845796,-54.69165913645074,570.255849372321,472.5089637951231
111,0.3083333333333333,-136.80039805247134,71.34420729745779,174.86196601641566,-363.96970232468686,-49.7992693388602,571.3146200585973,472.71168975618355
112,0.3111111111111111,-138.07827011376574,70.486489507443,174.0827134374509,-365.6970656273387,-44.93304262868501,572.2219941928536,472.91317527639444
113,0.3138888888888889,-139.38758688796364,69.63332617232858,173.27949859348536,-367.5010901746112,-40.09512590252254,572.9785044686722,473.11245901377714
114,0.3166666666666667,-140.72718106337263,68.78501008152895,172.45272587995595,-369.3820268020745,-35.2876166003307,573.5847108485353,473.3085879942217
115,0.3194444444444444,-142.09585728717852,67.94182072568664,171.6027843220174,-371.3400414472721,-30.512561306567985,574.0411994302702,473.50062224607734
116,0.3222222222222222,-143.49239348876435,67.10402418584711,170.73004728890552,-373.3752141989522,-25.77195441749809,574.3485813294733,473.68763935768726
117,0.325,-144.91554223292658,66.27187304115388,169.834872240743,-375.4875384484375,-21.06773687593219,574.5074915793961,473.8687389369346
118,0.3277777777777778,-146.36403210138138,65.44560629510453,168.91760050803353,-377.6769201443966,-16.401794974592118,574.5185880497424,474.0430469527138
119,0.3305555555555555,-147.83656910091912,64.62544932038699,167.97855710404806,-379.9431771521549,-11.775959229200287,574.3825503857871,474.209719939137
120,0.3333333333333333,-149.33183809653505,63.811613822290944,167.01805057026178,-382.2860387185535,-7.192003322308883,574.1000789691875,474.36794904424596
121,0.3361111111111111,-150.84850426783402,63.00429782066679,166.0363728549569,-384.70514504324143,-2.651643118800515,573.6718939018214,474.51696390598454
122,0.3388888888888888,-152.385214586978,62.20368565038076,165.0337992250616,-387.2000469571528,1.843464246100092,573.0987340139324,474.65603633921313
123,0.3416666666666667,-153.9405993164229,61.40994798019219,164.0105882112508,-389.7702057087931,6.291721205551793,572.3813558978338,474.78448381859545
124,0.3444444444444444,-155.51327352466382,60.62324184995583,162.96698158629067,-392.4149928588248,10.6915905258955,571.5205329683629,474.9016727432455
125,0.3472222222222222,-157.10183861819013,59.843710726028846,161.90320437656342,-395.1336902833163,15.0415959969566,570.5170545512372,475.0070214701003
126,0.35,-158.70488388783048,59.07148457474045,160.81946490666533,-397.9254902858792,19.34032304736742,569.3717250004154,475.10000310405763
127,0.3527777777777778,-160.32098806765205,58.30667995375848,159.7159548769266,-400.7894958187909,23.586419284523497,568.085362845513,475.1801480339987
128,0.3555555555555555,-161.94872090456332,57.54940012116572,158.59284947365768,-403.7247208130664,27.778594958873192,566.6587999702728,475.24704620489075
129,0.3583333333333333,-163.58664473675782,56.79973516203681,157.45030751188304,-406.7300906173069,31.91562335233864,565.092880823036,475.3003491172333
130,0.3611111111111111,-165.23331607912473,56.0577621322842,156.28847161027943,-409.80444254502646,35.99634109075253,563.388461660114,475.33977154618685
131,0.3638888888888889,-166.88728721374673,55.32354521952132,155.1074683979944,-412.94652653001856,40.01964838029108,561.5464098228886,475.36509297376546
132,0.3666666666666667,-168.5471077835974,54.59713592066839,153.9074087529763,-416.1550058891987,43.98450916797613,559.5676030494353,475.3761587285449
133,0.3694444444444444,-170.2113263875489,53.87857323600768,152.68838807140563,-419.4284581922229,47.88995122640737,557.4529288213892,475.37288082837375
134,0.3722222222222222,-171.878492174799,53.16788387937276,151.45048656777738,-422.7653762370547,51.73506616298319,555.2032837467242,475.3552385226231
135,0.375,-173.5471564368276,52.46508250413747,150.1937696051406,-426.1641691305248,55.519009353953976,552.819572979057,475.32327853155186
136,0.3777777777777778,-175.21587419499735,51.770171944650485,148.91828805496343,-429.6231634727925,59.24099980374854,550.3027096740262,475.27711498140275
137,0.3805555555555555,-176.88320578191684,51.08314347274245,147.62407868605106,-433.1406046445004,62.900319930097794,547.6536144832403,475.21692903489475
138,0.3833333333333333,-178.54771841469622,50.40397706891366,146.3111645819048,-436.7146581952792,66.4963152755766,544.8732150862227,475.14296821781465
139,0.3861111111111111,-180.20798775823164,49.73264170779298,144.9795555858741,-440.3434113321424,70.02839414626611,541.962445760731,475.0555454434821
140,0.3888888888888889,-181.86259947667037,49.069095657440265,143.62924877341433,-444.0248745061815,73.49602717833154,538.9222469917543,474.95503773791035
141,0.3916666666666666,-183.51015077122295,48.41328679204825,142.26022895072725,-447.75698309585886,76.89874683339522,535.7535651194403,474.8418846695763
142,0.3944444444444444,-185.1492519025037,47.76515291758303,140.87246917902647,-451.5375991850695,80.23614682366828,532.4573520261412,474.71658648879594
143,0.3972222222222222,-186.77852769560292,47.12462210988658,139.46593132363446,-455.3645134340332,83.5078814678924,529.0345648626989,474.5797019828072
144,0.4,-188.3966190261144,46.49161306474956,138.04056662708564,-459.2354470409575,86.71366497922037,525.4861658140381,474.4318460537834
145,0.4027777777777778,-190.00218428536448,45.86603545944765,136.59631630537567,-463.14805379230944,89.85327068625165,521.8131219040658,474.27368702813595
146,0.4055555555555555,-191.5939008231168,45.247790325221565,135.1331121664689,-467.0999221994114,92.92653018851146,518.0164048398186,474.10594370660715
147,0.4083333333333333,-193.1704663660523,44.63677043016623,133.65087725014124,-471.0885777189874,95.9333324477479,514.0969908947355,473.92938216582604
148,0.4111111111111111,-194.73060041035637,44.03286067198346,132.14952648821188,-475.1114850551636,98.8736228164895,510.05586083087496,473.74481232315736
149,0.4138888888888888,-196.27304558677383,43.43593848003937,130.62896738418544,-479.1660505403421,101.74740200538665,505.8939998598311,473.553084277861
150,0.4166666666666667,-197.7965689965302,42.84587422615687,129.08910071130086,-483.24962459226106,104.55472499092916,501.6123976420421,473.35508444274427
151,0.4194444444444444,-199.29996351654896,42.262531643563534,127.52982122795974,-487.35950424446,107.29569986520204,497.2120483241336,473.15173148167395
152,0.4222222222222223,-200.78204907243733,41.685768253404326,125.95101840947936,-491.4929357472822,109.9704866294131,492.6939506138643,472.9439720694571
153,0.425,-202.24167387774665,41.11543579822084,124.35257719509735,-495.64711723645473,112.57929593298688,488.05910789219575,472.73277649175213
154,0.4277777777777778,-203.67771563806085,40.55138068178909,122.73437874912862,-499.8192014662042,115.12238776008884,483.30852836194447,472.5191341037711
155,0.4305555555555556,-205.08908271850527,39.99344441470162,121.09630123516098,-504.00629860378695,117.60007006549904,478.44322523241664,472.3040486676051
156,0.4333333333333333,-206.4747152733144,39.44146406507196,119.43822060215192,-508.2054790822309,120.01269736181914,473.4642169393696,472.0885335890194
157,0.4361111111111111,-207.83358633614293,38.89527271373388,117.76001138127636,-512.4137765080224,122.36066926004764,468.3725273995912,471.87360707552267
158,0.4388888888888889,-209.1647028698545,38.35469991330294,116.06154749235696,-516.6281906203903,124.64442896561576,463.16918629932894,471.660287238386
159,0.4416666666666667,-210.46710677456903,37.8195721504627,114.34270305869543,-520.8456902987886,126.86446173202629,457.8552294157517,471.44958716208566
160,0.4444444444444444,-211.7398758528021,37.28971331083528,112.60335322911148,-525.0632166151039,129.02129327428483,452.43169897057055,471.2425099653223
161,0.4472222222222222,-212.9821247305829,36.76494514579224,110.84337500598244,-529.2776859270699,131.11548814436094,446.899644014897,471.0400438783495
162,0.45,-214.19300573348949,36.24508774056066,109.06264807807143,-533.4859930093087,133.1476480709568,441.26012084436536,470.8431573617855
163,0.4527777777777778,-215.37170971659577,35.729959982977206,107.2610556569186,-537.6850142183781,135.11841026590417,435.514193443497,470.6527942923901
164,0.4555555555555555,-216.5174668473816,35.21938003224348,105.4384853155683,-541.8716106881548,137.02844569954314,429.66293395823953,470.46986924143744
165,0.4583333333333333,-217.6295473407124,34.71316578703563,103.59482982839737,-546.0426315518478,138.87845734747543,423.7074231955639,470.29526287131
166,0.4611111111111111,-218.70726214505677,34.211135352323,101.729988010807,-550.1949171868997,140.66917841111115,417.6487511489629,470.1298174757573
167,0.4638888888888888,-219.7499635791656,33.71310750425254,99.8438655575402,-554.3253024790008,142.40137051445916,411.48801754864894,469.9743326888956
168,0.4666666666666667,-220.7570459185008,33.21890215245806,97.93637587838424,-558.4306201014242,144.07582187963544,405.22633243520687,469.8295613874909
169,0.4694444444444444,-221.7279459307593,32.72834079915808,96.0074409300216,-562.5077038058533,145.69334548358435,398.8648167554241,469.69620581031876
170,0.4722222222222222,-222.6621433599027,32.24124699440943,94.0569920427939,-566.5533917208729,147.2547771985286,392.4046029789735,469.57491391747743
171,0.475,-223.55916135816344,31.75744678688989,92.08497074114926,-570.5645296542723,148.76097391867762,385.84683573459887,469.4662760114158
172,0.4777777777777778,-224.4185668655639,31.276769169588484,90.0913295565482,-574.5379743953038,150.2128116757371,379.19267246441,469.3708216401288
173,0.4805555555555555,-225.23997093654572,30.799046519789627,88.07603283161302,-578.4705970130402,151.61118374577163,372.4432840948688,469.28901680150307
174,0.4833333333333333,-226.0230290133746,30.324115032744015,86.03905751431219,-582.3592861469732,152.95699874997965,365.59985572301207,469.22126146613664
175,0.4861111111111111,-226.76744114604668,29.851815148428496,83.98039394098443,-586.2009512860026,154.2511787519388,358.6635873164351,469.16788743415015
176,0.4888888888888889,-227.47295215849047,29.381991970805508,81.90004660701868,-589.9925260319765,155.49465735388583,351.63569442552733,469.12915653954957
177,0.4916666666666667,-228.1393517609229,28.914495679002684,79.79803492401847,-593.7309713439628,156.6883777945856,344.5174089064297,469.1052592136191
178,0.4944444444444444,-228.76647460828173,28.449181929844283,77.67439396229786,-597.4132787594431,157.83329105134044,337.3099796531657,469.0963134166244
179,0.4972222222222222,-229.35420030472469,27.985912251176583,75.52917517756902,-601.0364735886559,158.9303539486804,330.0146733373669,469.1023639448243
180,0.5,-229.90245335424905,27.524554425442105,73.36244712070344,-604.5976180783406,159.9805272762618,322.63277515401165,469.12338211743855
181,0.5027777777777778,-230.41120305755217,27.064982862969693,71.1742961294653,-608.0938145411642,160.98477391848522,315.1655895715619,469.159265845812
182,0.5055555555555555,-230.88046335531732,26.607078964461103,68.96482700113894,-611.5222084471593,161.94405699832487,307.61444108488695,469.2098400846078
183,0.5083333333333333,-231.31029261817568,26.15073147216878,66.73416364499417,-614.8799914735376,162.85933803783908,299.9806749693379,469.27485766243376
184,0.5111111111111111,-231.70079338365815,25.69583680927359,64.48244971355552,-618.1644045092971,163.73157513780586,292.2656580343347,469.3540004869242
185,0.5138888888888888,-232.0521120405175,25.24229940698752,62.20984921166998,-621.3727406110834,164.56172117889852,284.4707793748196,469.4468811169466
186,0.5166666666666667,-232.3644384608618,24.79003201892116,59.91654708239087,-624.502347906834,165.35072204678633,276.5974511189238,469.5530446923502
187,0.5194444444444445,-232.63800558060652,24.338956022272875,57.602749768725126,-627.5506324437839,166.09951488350868,268.6471091701947,469.67197120948333
188,0.5222222222222223,-232.87308892881268,23.889001705413342,55.26868575032007,-630.5150609774821,166.80902636743534,260.6212139427275,469.8030781286573
189,0.525,-233.0700061065421,23.44010854145651,52.91460605419535,-633.3931636985293,167.48017102408454,252.52125108754964,469.9457232977973
190,0.5277777777777778,-233.2291162159212,22.992225447426485,50.54078473865783,-636.1825368938305,168.11384957002696,244.34873220861084,470.0992081747485
191,0.5305555555555556,-233.35081924016404,22.54531102864782,48.14751934956902,-638.8808455392219,168.71094729205953,236.10519556673609,470.2627813290777
192,0.5333333333333333,-233.4355553753671,22.09933380800614,45.73513134816828,-641.4858258204172,169.27233246378196,227.7922067699058,470.43564220276477
193,0.5361111111111111,-233.48380431494343,21.654272439745245,43.30396650969024,-643.9952875792992,169.79885480165953,219.41135944824703,470.6169451079112
194,0.5388888888888889,-233.4960844876239,21.21011590748687,40.85439529205012,-646.4071166826744,170.29134396260162,210.96427591212176,470.80580343850716
195,0.5416666666666667,-233.4729522500067,20.766863706179187,38.386813173906056,-648.7192773106922,170.7506080850279,202.4526077917185,471.0012940724033
196,0.5444444444444444,-233.41500103469377,20.32452600770155,35.901640961448386,-650.9298141622296,171.17743237533656,193.8780366565772,471.2024619389287
197,0.5472222222222223,-233.32286045510403,19.883123809872625,33.399325063298086,-653.0368545746406,171.57257774162844,185.2422746134789,471.40832472707507
198,0.55,-233.197195368107,19.442689068632284,30.88033773294492,-655.0386105553623,171.93677947647384,176.54706488118305,471.61787770882955
199,0.5527777777777778,-233.0387048956703,19.003264813187183,28.34517727818472,-656.9333807229845,172.27074599044866,167.79418234048305,471.83009865207924
200,0.5555555555555556,-232.8481214067648,18.564905243933264,25.794368237065445,-658.7195521554864,172.57515759809402,158.9854340581083,472.0439527975132
201,0.5583333333333333,-232.6262094608184,18.127675812990173,23.228461519887777,-660.395602143458,172.85066535788556,150.12265978301144,472.2583978741141
202,0.5611111111111111,-232.37376471405463,17.691653287204566,20.64803451684956,-661.9600998462347,173.09788996772707,141.20773241361567,472.47238912814765
203,0.5638888888888889,-232.0916127901004,17.256925793502127,18.053691170965,-663.4117078489897,173.3174207174087,132.24255843462473,472.68488434099703
204,0.5666666666666667,-231.78060811628413,16.8235928464909,15.446062015934558,-664.74918361894,173.5098144993948,123.2290783220398,472.89484881176713
205,0.5694444444444444,-231.44163272709375,16.391765358240974,12.825804178682548,-665.9713808589484,173.67559487922907,114.16926691505536,473.1012602812624
206,0.5722222222222223,-231.07559503629716,15.961565630188876,10.193601346325469,-667.0772507569188,173.81525122676626,105.06513375354976,473.3031137747159
207,0.575,-230.68342857926868,15.53312732713774,7.550163697377097,-668.0658431295096,173.92923790935927,95.91872337992304,473.49942634151296
208,0.5777777777777778,-230.2660907271001,15.106595433347266,4.89622779704002,-668.9363074588098,174.0179735480485,86.73211560407127,473.6892416710809
209,0.5805555555555556,-229.82456137410813,14.682126190731438,2.2325564564837417,-669.6878938207535,174.08184033771786,77.50742573034968,473.87163456510734
210,0.5833333333333334,-229.35984160038055,14.25988701920331,-0.4400614439554439,-670.3199537041745,174.12118343209735,68.24680474538792,474.0457152472897
211,0.5861111111111111,-228.8729523110366,13.84005641923097,-3.1208111676623065,-670.8319407195314,174.1363103944069,58.95243946569999,474.21063349288823
212,0.5888888888888889,-228.3649328539002,13.422823856690668,-5.808852370688347,-671.2234111964648,174.12749071435036,49.62655264406209,474.3655825614592
213,0.5916666666666667,-227.83683961731376,13.008389630126183,-8.503319386678685,-671.494024669478,174.09495539208064,40.27140303368265,474.509802917257
214,0.5944444444444444,-227.28974460984196,12.596964720546415,-11.203321547657522,-671.6435442511697,174.03889658966995,30.889285409245293,474.64258572292925
215,0.5972222222222222,-226.7247340236357,12.188770623915422,-13.907943540505748,-671.6718368925718,173.9594673505298,21.48253054395061,474.76327609325097
216,0.6,-226.1429067832481,11.784039166511931,-16.616245798917298,-671.578873530288,173.8567813871374,12.053505141743422,474.8712760967785
217,0.6027777777777779,-225.54537308170757,11.383012303357171,-19.327264930577645,-671.3647291202559,173.73091293733444,2.6046117239631954,474.9660474944243
218,0.6055555555555555,-224.93325290567068,10.985941899932127,-22.040014179262187,-671.0295825580932,173.58189668937476,-6.861711530289194,475.047114205062
219,0.6083333333333334,-224.30767455148907,10.59308949742642,-24.753483921510103,-670.5737164861204,173.40972777580802,-16.34299099072101,475.1140644893753
220,0.6111111111111112,-223.66977313403405,10.20472606178378,-27.466642197478716,-669.997516987289,173.21436183619568,-25.836717829928627,475.16655284424974
221,0.6138888888888889,-223.02068909013173,9.821131716828,-30.17843527555141,-669.3014731663757,172.99571514856515,-35.34034832554396,475.20430160107315
222,0.6166666666666667,-222.3615666784661,9.442595461776406,-32.887788250215934,-668.4861766189352,172.75366482941882,-44.8513042108954,475.22710222237964
223,0.6194444444444445,-221.6935524778121,9.069414873466304,-35.59360567269761,-667.5523207886446,172.48804910202443,-54.3669730746084,475.23481629231145
224,0.6222222222222222,-221.01779388546004,8.701895793641016,-38.294772213784206,-666.5007002137899,172.19866763262362,-63.88470880948576,475.2273761974113
225,0.625,-220.33543761769465,8.340352001661302,-40.99015335823965,-665.332209663793,171.88528193410644,-73.40183211095598,475.20478549529037
226,0.6277777777777778,-219.64762821418373,7.985104873026956,-43.6785961301639,-664.0478431667955,171.54761583661215,-82.91563102531454,475.1671189697407
227,0.6305555555555555,-218.9555065481314,7.63648302411224,-46.35892984861422,-662.6486929294471,171.18535602442714,-92.42336154791413,475.11452237187774
228,0.6333333333333334,-218.26020834403863,7.294821943537151,-49.0299669127652,-661.1359481501776,170.79815263846564,-101.92224827140024,475.04721184792885
229,0.6361111111111111,-217.56286270490543,6.960463610613574,-51.69050361584699,-659.5108937273541,170.38561994353145,-111.40948508402546,474.9654730553101
230,0.6388888888888888,-216.8645906506959,6.633756101323193,-54.33932098706246,-657.774908863846,169.9473370594744,-120.88223591800772,474.8696599696625
231,0.6416666666666666,-216.1665036698736,6.315053182300368,-56.97518566064638,-655.9294655696517,169.48284875527116,-130.3376355478296,474.7601933865749
232,0.6444444444444445,-215.46970228579656,6.004713893308828,-59.59685077119882,-653.9761270643502,168.9916663049777,-139.7727904383261,474.6375591227688
233,0.6472222222222223,-214.7752746397432,5.703102118717131,-62.20305687438271,-651.9165460812687,168.47326840441798,-149.1847796423188,474.5023059226017
234,0.65,-214.0842950923182,5.410586148491955,-64.79253289205043,-649.7524630753662,167.92710214739466,-158.57065574751823,474.35504307683095
235,0.6527777777777778,-213.39782284496485,5.127538229243005,-67.3639970808236,-647.4857043369483,167.35258406012855,-167.92744587232215,474.19643776168493
236,0.6555555555555557,-212.7169005832846,4.854334105866444,-69.91615802312552,-645.1181800134435,166.7491011925566,-177.25215271009773,474.0272121074209
237,0.6583333333333333,-212.04255314383693,4.591352554346854,-72.44771563963053,-642.6518820415728,166.11601226504283,-186.54175562145275,473.8481400066779
238,0.6611111111111111,-211.37578620606232,4.338974906289683,-74.95736222206996,-640.0888819923533,165.4526488689831,-195.79321177395295,473.66004367409744
239,0.6638888888888889,-210.7175850109409,4.097584565767825,-77.44378348530181,-637.4313288314806,164.75831671971392,-205.00345732866228,473.46378996984316
240,0.6666666666666666,-210.06891310796465,3.867566519076634,-79.90565963752881,-634.6814465977296,164.03229696006463,-214.1694086728334,473.2602865008286
241,0.6694444444444445,-209.4307111319661,3.6493068380016553,-82.34166646752224,-631.8415320021134,163.2738475128253,-223.2879636980077,473.05047751463525
242,0.6722222222222223,-208.8038956113081,3.44319217721268,-84.75047644768512,-628.9139519506297,162.48220448033825,-232.35600312271947,472.83533960227203
243,0.675,-208.18935780890124,3.249609266406398,-87.1307598517676,-625.9011409935182,161.65658358935556,-241.3703918589476,472.61587722709254
244,0.6777777777777777,-207.5879625974739,3.0689443978274573,-89.48118588602323,-622.8055987040316,160.79618167924733,-250.32798042138344,472.39311809831383
245,0.6805555555555556,-207.00054737047648,2.901582909804997,-91.80042383257822,-619.6298869898096,159.900178231584,-259.22560637853854,472.16810840869675
246,0.6833333333333333,-206.4279209899585,2.747908666947862,-94.0871442037652,-616.3766273400269,158.96773693906192,-268.0600958446451,471.94190795701047
247,0.6861111111111111,-205.87086277270845,2.608303537646941,-96.34001990615924,-613.0484980115497,157.998007311687,-276.82826501125953,471.715585176913
248,0.6888888888888889,-205.3301215159027,2.48314686953815,-98.55772741303402,-609.6482311574199,156.99012631808085,-285.5269217174041,471.4902120948298
249,0.6916666666666667,-204.8064145634555,2.3728149635831044,-100.73894794394742,-606.178609901042,155.9432200597254,-294.1528670570441,471.26685924027635
250,0.6944444444444445,-204.3004269142161,2.277680547427535,-102.88236865015,-602.6424653595171,154.8564054759162,-302.70289702263494,471.0465905328476
251,0.6972222222222223,-203.81281037310416,2.1981122486999976,-104.9866838045008,-599.0426736196226,153.72879207715297,-311.1738041834213,470.83045817075833
252,0.7,-203.3441827462216,2.134474068914643,-107.05059599456573,-595.382152669993,152.55948370465356,-319.56237939712724,470.6194975463738
253,0.7027777777777777,-202.8951270809256,2.08712485864244,-109.0728173175658,-591.6638592931082,151.3475803136444,-327.86541355361334,470.41472221457155
254,0.7055555555555556,-202.46619095179076,2.0564177946150437,-111.05207057583696,-587.8907859207367,150.09217977804235,-336.07969934904173,470.21711894005006
255,0.7083333333333334,-202.05788579333023,2.0426998594245798,-112.98709047145825,-584.0659574565283,148.7923797141143,-344.20203308903416,470.02764284979867
256,0.7111111111111111,-201.67068628029108,2.0463113244804942,-114.87662479870454,-580.192428069482,147.4472793206716,-352.22921651927334,469.84721271688244
257,0.7138888888888889,-201.30502975627533,2.067585236882337,-116.71943563297565,-576.2732779620536,146.05598123333232,-360.15805868194025,469.6767064014528
258,0.7166666666666667,-200.9613157113828,2.1068469108634966,-118.51430051485652,-572.3116101166869,144.6175933903611,-367.9853777963541,469.51695647446064
259,0.7194444444444446,-200.63990530950784,2.164413424456884,-120.26001362796482,-568.3105470245845,143.13123090757756,-375.7080031621309,469.3687460489281
260,0.7222222222222222,-200.3411209658619,2.240593122028319,-121.95538696924544,-564.2732274005467,141.59601795981123,-383.3227770831448,469.23280484281673
261,0.725,-200.06524597523125,2.3356851233177185,-123.59925151037788,-560.202802887722,140.0110896663621,-390.8265568105396,469.10980549651083
262,0.7277777777777777,-199.81252419141632,2.449978839621139,-125.19045834896713,-556.1024347561242,138.37559397792452,-398.21621650300034,469.00036016672567
263,0.7305555555555556,-199.58315975823595,2.583753497739704,-126.7278798482004,-551.9752905987748,136.6886935624185,-405.48864920246905,468.90501741724864
264,0.7333333333333334,-199.37731689241585,2.737277672312838,-128.21041076365896,-547.8245410293276,134.94956768717523,-412.640768823452,468.8242594253367
265,0.7361111111111112,-199.1951197186148,2.910808827144609,-129.63696935598904,-543.6533563850303,133.15741409491818,-419.6695121540482,468.75849952083377
266,0.7388888888888889,-199.0366521567815,3.104592866121857,-131.00649848814567,-539.4649034388677,131.3114508709902,-426.5718408667897,468.70808007315685
267,0.7416666666666666,-198.9019578619648,3.318863694312593,-132.31796670594116,-535.2623421247167,129.4109182992787,-433.3447435373725,468.67327073923076
268,0.7444444444444445,-198.7910402166394,3.553842789821853,-133.5703693006447,-531.0488222793259,127.45508070430346,-439.98523766933,468.6542670832683
269,0.7472222222222222,-198.70386237554249,3.809738786970144,-134.76272935239663,-526.8274804049088,125.44322827694356,-446.4903717226828,468.65118957698803
270,0.75,-198.64034736295105,4.086747071347222,-135.894098753223,-522.6014364561104,123.3746788812952,-452.8572271445848,468.6640829864815
271,0.7527777777777778,-198.6003782222659,4.385049387280374,-136.96355920845298,-518.37379065508,121.24877984017346,-459.0829203999629,468.6929161494971
272,0.7555555555555556,-198.58379821770328,4.70481345824258,-137.97022321536733,-514.1476203383392,119.06490969679032,-465.1646050001469,468.73758214442154
273,0.7583333333333334,-198.59041108782952,5.046192620711075,-138.9132350179271,-509.92597683909867,116.82247995017003,-471.0994735274645,468.79789884974514
274,0.7611111111111111,-198.6199813506121,5.409325471971948,-139.7917715364597,-505.7118824086299,114.5209367618872,-476.8847596537817,468.87360989031356
275,0.7638888888888888,-198.67223465959364,5.794335532349966,-140.60504327120154,-501.5083271802457,112.15976263174883,-482.5177401509477,468.96438596421757
276,0.7666666666666666,-198.7468582107359,6.201330922326728,-141.35229517862916,-497.3182661793952,109.73847804007316,-487.99573689111634,469.0698265417932
277,0.7694444444444445,-198.84350119941345,6.63040405499307,-142.03280751953548,-493.14461638331454,107.25664305425504,-493.31611883490393,469.18946192589885
278,0.7722222222222223,-198.96177532698016,7.081631344263798,-142.64589667784034,-488.9902538336151,104.71385889735204,-498.47630400535104,469.322755660445
279,0.775,-199.1012553562638,7.55507292926524,-143.19091594915614,-484.8580108051242,102.10976947646134,-503.47376144565976,469.46910727208626
280,0.7777777777777778,-199.2614797152901,8.050772415286435,-143.66725629816008,-480.75067303422367,99.44406286871218,-508.3060131586808,469.62785532806095
281,0.7805555555555557,-199.44195114847253,8.568756631666663,-144.0743470838605,-476.670977009854,96.71647276273984,-512.9706360261359,469.7982807914026
282,0.7833333333333333,-199.64213741444752,9.109035406971412,-144.41165675187824,-472.6216073302798,93.92677985356369,-517.4652637055755,469.9796106531642
283,0.7861111111111111,-199.86147202967845,9.671601361789834,-144.67869349290095,-468.6051941286205,91.0748131888411,-521.7875885030777,470.17102181987957
284,0.7888888888888889,-200.0993550568917,10.256429719464863,-144.8750058665046,-464.6243105700773,88.16045146453185,-525.9353632197182,470.37164523328516
285,0.7916666666666666,-200.35515393735488,10.863478135047536,-145.00018338957435,-460.6814704236881,85.18362426806024,-529.9064029698533,470.58057019829965
286,0.7944444444444445,-200.6282043659528,11.492686542745016,-145.05385708859683,-456.77912571135295,82.14431326712834,-533.6985869692817,470.79684889443496
287,0.7972222222222223,-200.9178112079624,12.1439770221102,-145.0357000151345,-452.9196644367823,79.0425533423956,-537.3098602913723,471.019501045199
288,0.8,-201.22324945637777,12.817253683199493,-144.94542772383426,-449.105408396909,75.87843366230558,-540.7382355892719,471.24751871960365
289,0.8027777777777777,-201.54376522858487,13.512402570901893,-144.78279871236356,-445.3386110782196,72.6520986984118,-543.9817947823299,471.4798712396642
290,0.8055555555555556,-201.87857680113683,14.229291588621209,-144.5476148227095,-441.6214556403396,69.36374917962192,-547.0386907049117,471.7155101677017
291,0.8083333333333333,-202.2268756813345,14.967770441469552,-144.2397216033198,-437.9560529891134,66.0136429838544,-549.9071487158001,471.9533743473768
292,0.8111111111111111,-202.58782771426957,15.727670599108135,-143.85900863160683,-434.3444399412977,62.60209596567318,-552.5854682664204,472.1923949726464
293,0.8138888888888889,-202.9605742239449,16.508805278347126,-143.40540979638186,-430.7885774828844,59.12948271854717,-555.0720244261589,472.43150065925784
294,0.8166666666666667,-203.34423318704336,17.31096944559407,-142.8789035398295,-427.29034912294816,55.59623727045407,-557.3652693630805,472.6696224939412
295,0.8194444444444445,-203.7379004378769,18.133939839216232,-142.279513058679,-423.8515593447967,52.002853711631055,-559.4637337783998,472.90569903714385
296,0.8222222222222223,-204.14065090300676,18.977475011858967,-141.60730646427356,-420.47393215608565,48.349886753356,-561.3660282930866,473.13868125592376
297,0.825,-204.55153986399185,19.84131539273875,-140.8623969012857,-417.15910973943465,44.63795221672202,-563.070844785048,473.3675373645065
298,0.8277777777777777,-204.9696042466841,20.72518336990504,-140.04494262487205,-413.9086512049607,40.86772745045917,-564.5769576753605,473.59125755095835
299,0.8305555555555556,-205.39386393545897,21.628783392442635,-139.15514703610873,-410.7240314460199,37.03995167693501,-565.8832251620806,473.80885856945895
300,0.8333333333333334,-205.82332311073543,22.5518020925614,-138.19325867559417,-407.606640099321,33.155426265558226,-566.9885904002103,474.0193881787345
301,0.8361111111111111,-206.2569716081142,23.493908427497697,-137.1595711751536,-404.5577806104446,29.21501493289156,-567.8920826264427,474.2219294083306
302,0.8388888888888889,-206.69378629743235,24.45475384112702,-136.0544231676268,-401.5786694056813,25.219643868875444,-568.5928182273688,474.415604635564
303,0.8416666666666667,-207.13273248000945,25.43397244516504,-134.87819815476757,-398.6704351709599,21.170301788647063,-569.0900017498772,474.599579457159
304,0.8444444444444446,-207.5727653023372,26.431181219810348,-133.63132433332984,-395.8341182385171,17.068039909532907,-569.3829268525374,474.7730663407672
305,0.8472222222222222,-208.01283118444317,27.44598023365888,-132.31427437946388,-393.070670081822,12.913971852883996,-569.4709771968107,474.9353280427571
306,0.85,-208.45186926114164,28.47795288269783,-130.927565191591,-390.38095291913646,8.709273470509908,-569.3536272769977,475.0856807798531
307,0.8527777777777777,-208.8888128343668,29.5266661481628,-129.47175759197384,-387.7657394259674,4.455182595567371,-569.0304431878814,475.2234971433828
308,0.8555555555555556,-209.32259083477064,30.59167087302047,-127.94745598724448,-385.2257125565232,0.152998717842257,-568.5010833290971,475.3482087460645
309,0.8583333333333334,-209.7521292907559,31.672502056816292,-126.3553079881993,-382.7614654741628,-4.195917416536699,-567.7652990453154,475.45930859242077
310,0.8611111111111112,-210.1763528031034,32.76867916860528,-124.696003989215,-380.3735015906894,-8.590144280828776,-566.8229352013877,475.5563531650465
311,0.8638888888888889,-210.5941860233469,33.8797064776611,-122.9702767076868,-378.0622347142073,-13.028200118632924,-565.6739306916757,475.6389642200756
312,0.8666666666666666,-211.0045551340434,35.0050734016388,-121.17890068393288,-375.827989305132,-17.50854356975182,-564.318318882842,475.7068302862981
313,0.8694444444444445,-211.40638932908328,36.14425487184462,-119.32269174205602,-373.67100083980847,-22.0295743705642,-562.7562279894534,475.7597078634585
314,0.8722222222222222,-211.7986222921842,37.29671171524612,-117.40250641229515,-371.5914162810649,-26.5896341284094,-560.9878813818091,475.7974223163386
315,0.875,-212.18019367171505,38.46189105283593,-115.41924131544366,-369.58929465489547,-31.18700716940233,-559.0135978254824,475.81986846227863
316,0.8777777777777778,-212.55005054999845,39.639226713942094,-113.37383250995512,-367.66460773234206,-35.81992145899855,-556.8337916521224,475.8270108508269
317,0.8805555555555556,-212.90714890524964,40.828139666059606,-111.26725480239683,-365.8172408155132,-40.48654959454775,-554.4489728611414,475.8188837352454
318,0.8833333333333334,-213.25045506431363,42.02803845975829,-109.1005210219553,-364.0469936265538,-45.18500986897889,-551.8597471519796,475.79559073661227
319,0.8861111111111111,-213.57894714437708,43.23831968820498,-106.87468125973469,-362.35358129825386,-49.91336740467901,-549.0668158867034,475.75730420228507
320,0.8888888888888888,-213.8916164818432,44.4583684608187,-104.59082207363318,-360.7366354648626,-54.66963535653284,-546.0709759827766,475.7042642615023
321,0.8916666666666666,-214.18746904657135,45.68755889056234,-102.25006565961712,-359.1957054515529,-59.45177618301174,-542.8731197359037,475.63677758191756
322,0.8944444444444445,-214.4655268397031,46.92525459435633,-99.853568990252,-357.7302595608593,-64.2577029841134,-539.4742345729176,475.55521583188
323,0.8972222222222223,-214.7248292733144,48.17080920608458,-97.40252292138628,-356.33968645430025,-69.08528090486908,-535.8754027347621,475.4600138543033
324,0.9,-214.9644345301554,49.42356690164812,-94.89815126791824,-355.0232966272752,-73.93232860305889,-532.0778008896806,475.3516675589927
325,0.9027777777777778,-215.18342090176424,50.682862935505575,-92.34170984961236,-353.7803239752192,-78.79661977968765,-528.0826996768003,475.2307315413474
326,0.9055555555555556,-215.38088810326585,51.94802418812802,-89.73448550796395,-352.6099274488847,-83.67588477070393,-523.8914631803722,475.0978164363997
327,0.9083333333333332,-215.55595856319547,53.21836972377992,-87.07779509514361,-351.5111927965147,-88.56781219836077,-519.5055483349929,474.9535860182119
328,0.9111111111111112,-215.7077786867172,54.49321135802772,-84.37298443608185,-350.4831343905643,-93.4700506805506,-514.9265042622089,474.7987540557185
329,0.9138888888888888,-215.8355200906389,55.771854234363545,-81.62142726478906,-349.52469713653073,-98.38021059636256,-510.1559715389743,474.63408093716555
330,0.9166666666666666,-215.93838080865964,57.05359740932151,-78.82452413602854,-348.6347584613484,-103.29586590605108,-505.1956813984992,474.4603700763758
331,0.9194444444444444,-216.01558646532123,58.337734445453776,-75.9837013134915,-347.81213037871294,-108.21455602352825,-500.0474548640988,474.2784641151324
332,0.9222222222222224,-216.06639141717423,59.62355401152268,-73.10040963564782,-347.05556162860603,-113.13378773942866,-494.7132018167187,474.0892409370342
333,0.925,-216.09007985970723,60.91034048925815,-70.17612336046888,-346.36373988820213,-118.05103719273392,-489.1949199968796,473.8936095092254
334,0.9277777777777776,-216.08596689863057,62.19737458601891,-67.21233899024553,-345.73529405125623,-122.96375188887473,-483.49469394185576,473.69250556942376
335,0.9305555555555556,-216.0533995841488,63.48393395269134,-64.21057407774238,-345.1687965729864,-127.86935276217818,-477.6146938589615,473.48688717667017
336,0.9333333333333332,-215.99175790690052,64.76929380615073,-61.1723660149525,-344.66276587739003,-132.76523628046252,-471.5571744358904,473.27773014517675
337,0.9361111111111112,-215.9004557542919,66.05272755560642,-58.099270805731486,-344.2156688238569,-137.6487765895362,-465.32447358911,473.06602338156273
338,0.9388888888888888,-215.77894182599604,67.33350743214424,-54.99286182361305,-343.8259232298726,-142.51732769529642,-458.9190111513864,472.85276414661223
339,0.9416666666666668,-215.6267005074435,68.61090512077848,-51.85472855611774,-343.4919004465389,-147.3682256810812,-452.3432874995653,472.6389532634725
340,0.9444444444444444,-215.4432527001764,69.88419239432052,-48.68647533688428,-343.2119279835762,-152.19879095788056,-445.59988212380426,472.4255902949034
341,0.9472222222222224,-215.22815660799384,71.15264174836824,-45.48972006696511,-342.9842921804141,-157.00633054496492,-438.69145213950736,472.2136687127935
342,0.95,-214.98100847786944,72.41552703672119,-42.266092926636034,-342.8072409199247,-161.78814037845788,-431.6207307432665,472.0041710836565
343,0.9527777777777776,-214.70144329467533,73.67212410652172,-39.01723507908432,-342.67898638129884,-166.5415076453306,-424.3905256141819,471.7980642941976
344,0.9555555555555556,-214.38913542880573,74.92171143242602,-35.74479736734209,-342.5977078285253,-171.2637131402709,-417.0037172619772,471.5962948412943
345,0.9583333333333334,-214.04379923584892,76.16357074910648,-32.45043900584233,-342.56155443088886,-175.95203364284188,-409.4632573233853,471.39978421083975
346,0.9611111111111112,-213.66518960751432,77.39698768139169,-29.135826267974917,-342.56864811186745,-180.60374431232236,-401.7721668083269,471.2094243698665
347,0.9638888888888888,-213.2531024730828,78.62125237134887,-25.80263117102902,-342.6170864227768,-185.2161210975882,-393.9335342974632,471.02607339616367
348,0.9666666666666668,-212.80737525070705,79.83566010162055,-22.452530159903823,-342.7049454374825,-189.7864431593789,-385.9505140927413,470.8505512692437
349,0.9694444444444446,-212.3278872479502,81.03951191432878,-19.08720279097236,-342.83028266447803,-194.31199530226996,-377.8263243226053,470.68363584598103
350,0.9722222222222222,-211.81456001101336,82.23211522486578,-15.708330417481823,-342.99113997260685,-198.7900704136563,-369.564245003589,470.52605904353766
351,0.975,-211.26735762216495,83.41278442989649,-12.31759487786633,-343.185546526694,-203.2179719070436,-361.1676160600433,470.37850325131
352,0.9777777777777776,-210.6862869449476,84.58084150890276,-8.916677188349286,-343.4115217293436,-207.59301616692528,-352.63983530380364,470.24159799257416
353,0.9805555555555556,-210.071397816803,85.73561661860896,-5.507256241199634,-343.6670781651525,-211.91253499252824,-343.98435637562926,470.1159168552769
354,0.9833333333333334,-209.422783188819,86.87644867963373,-2.0910075100025853,-343.95022454359173,-216.1738780376966,-335.2046866502929,470.00197471002474
355,0.9861111111111112,-208.74057921236653,88.00268595472501,1.3303982367091292,-344.258968636812,-220.37441524419324,-326.3043851072238,469.9002252317713
356,0.9888888888888888,-208.02496527246092,89.11368661794107,4.755296212122803,-344.5913202086368,-224.51153926569108,-317.2870601686517,469.81105873999456
357,0.9916666666666666,-207.2761639677464,90.20881931415386,8.182028876790326,-344.9452939310222,-228.5826678797432,-308.1563675072196,469.7348003703249
358,0.9944444444444444,-206.4944410370661,91.28746370826045,11.608947191939388,-345.3189122842826,-232.5852463850236,-298.91600782506526,469.6717085886166
359,0.9972222222222222,-205.68010523264988,92.34901102349984,15.034411859156696,-345.710208437397,-236.51674998114632,-289.5697246064005,469.6219740563946
