evaluation,PC1,PC2
21151,9.905857966679717,7.29299362404921
21163,9.862726404483116,7.1622323192640955
21178,9.713407913719486,6.861744209161024
21218,9.955870692207379,6.248873952674703
22156,9.966182478002706,6.771103690826506
22745,10.203577201346345,6.197960801452582
22757,9.851838987091291,6.275734044657826
24355,9.291982496416706,6.291141285440008
27175,10.532758009782013,2.3740308129220304
32942,10.532758009782013,2.3740308129220304
32946,10.523154303083496,2.3566708951609083
32972,10.767478816169097,2.1804970619190236
33013,11.526588752631431,2.3683329041813175
33238,10.942425281882402,1.6856811706652481
33503,10.36019058952798,2.6234786064368634
33629,10.364953580890766,2.0285900018640155
33649,10.112673234229325,2.1430297812484325
35788,9.999207322898659,1.786335731936851
39543,10.001879616661581,1.7584341999285764
39545,10.009896497950345,1.6747296039037525
39557,9.941487011642925,1.7648860123671488
39584,9.826627122511033,1.735590454051485
39731,9.972907757976904,1.724660134620228
39748,10.005464442711403,1.8397227370051528
39840,9.95122511688902,1.7749674689634236
39842,9.879251807874562,1.7579150745032825
40309,9.69340139665382,1.893796277159026
40361,9.517206546958557,2.0332304737529587
40669,9.81682027513191,1.4469957973118148
40693,9.561260125446617,1.0325038673998386
41361,9.97710227572696,2.964298389530195
41672,9.433561989977383,0.3830965379763946
42600,10.026120543565924,0.6705038396922265
45785,9.701303109793532,1.5354223160504736
48143,9.61230282650423,1.4834188621874773
56126,9.60963053274133,1.5113203941957
56134,9.575908232523846,1.4812513585859346
56147,9.689063289047644,1.4134204865709332
56183,9.57011298999512,1.4169855066030967
56214,9.47245268028716,1.5988070794981213
56295,9.53660481622041,1.5014621530451462
56313,9.586003261582496,1.4217432648708026
57198,9.674439414129408,1.3208389287427962
57248,9.365119768124105,1.3867596952117067
57276,9.4826801762181,1.3643741390610653
57639,9.67925010210341,1.1242130633907275
58342,9.38725966619094,1.2929092268747941
58954,9.470237528903729,1.3312334132185628
60523,9.351615457180918,0.8489586846383349
63000,8.76953090109083,1.0280880023729912
65975,7.5444360993026995,1.276064484420185
65987,7.345485380444506,1.352234254391312
68084,6.668581093888107,1.0715775063875717
69389,6.8068997889648575,1.1034101245903338
70043,7.043817071973086,1.2520581559088568
74056,5.556406808687398,0.008483510369434243
78156,6.6624475887846755,0.4255934081531172
87741,6.6480175109707424,0.42023097826069167
87747,6.6701236350390145,0.41859357059146807
87749,6.6931517738020325,0.3975940579065203
87785,6.6455716541810235,0.39902006591938566
87787,6.620257752275546,0.3591600525687882
87818,6.5225974425675854,0.5409816254638125
87854,6.542646663510394,0.5812591850549337
87890,6.599987305177253,0.6018177627666234
88020,6.661189031820118,0.38947967738377876
88022,6.659301196373283,0.33530908122977104
89724,6.577666883437751,0.2260412855132004
90099,6.073081951400604,0.11509159507579224
90937,6.113801864980128,0.004230649113977018
93295,6.273791688859556,-0.1448650295983833
94836,6.0013025500836195,-0.04271810434888269
103616,5.927292113884234,0.7587731854018492
105803,5.565248417358974,0.7170592040820734
105834,5.583525748288581,0.666544154434122
141220,5.592624396783683,0.6670860303344948
141238,5.567391229022153,0.6334396885764074
141249,5.54412310944172,0.6595940233065294
141339,5.463724823014299,0.8222099313359387
141489,5.557799364632868,0.6031712966075775
144384,5.576464960747804,-4.714069899942069e-05
144541,5.085809908783508,0.7904373245148405
144869,5.36467139323968,0.47611492032415487
144901,5.237257972973018,0.48532730373821126
145597,4.653063512769423,0.29977833595382747
164097,4.434972543669533,-0.33484892573270564
225439,4.442835459078137,-0.34485057313478434
225456,4.358212081126141,-0.264850550116213
225544,4.375532383911722,-0.36948485870036984
225708,4.4092461600138195,-0.3982217835592501
225990,4.566329255037037,0.2794267490258548
229845,4.309260912838097,0.24274111360614106
230034,4.598961036105937,0.2960952532490854
235736,3.3453978296762035,-0.2640281276849158
238326,3.685211077330198,-0.589211590169411
248489,3.4420462661425812,-0.2555721597369548
249427,3.4147385738096907,-0.2550015562713059
254436,2.5491333365758924,-0.48062048158479026
314288,2.5488661071996,-0.4778303283839625
314289,2.5500432014254026,-0.480566293994753
314295,2.5475198846492497,-0.48393092817056166
314356,2.5497590485571666,-0.47528178107796065
314451,2.5128366789506127,-0.44068002538458584
314453,2.5108060857031202,-0.44754960564157703
314457,2.5143226829445577,-0.4398141270603943
314508,2.482816061009827,-0.4526009987492539
314509,2.496772137429408,-0.446913944238727
314513,2.4962102618859183,-0.4458474832882498
314518,2.4970393668057,-0.4497040974395545
314566,2.468830483253968,-0.43844310700894196
314570,2.4682686077104785,-0.43737664605846366
314572,2.470316487247913,-0.4375772086847506
314578,2.467387475472575,-0.43897934999818444
314586,2.4681729941309243,-0.43998499694185755
314595,2.4710652177865686,-0.43606252014000585
314623,2.430654973582964,-0.41574356472411256
314624,2.4306341605211483,-0.4159211459547607
314629,2.432140977576909,-0.4148776663999211
314639,2.4281651194049787,-0.41247158436055886
314642,2.4297751326642834,-0.4153719406731992
314643,2.42999748445992,-0.41728545465702815
314680,2.4228323121875928,-0.40354690228859846
314682,2.42121886026095,-0.4068573488743699
314692,2.4213893044062,-0.40408314527784095
314696,2.4203488806887736,-0.4002932387748716
314709,2.425067046720192,-0.4011663154196637
314737,2.3472124330953803,-0.3591561207659334
314738,2.3467131789581908,-0.363415857505865
314743,2.3486984370893254,-0.3582902224417419
314749,2.345769425313987,-0.3596923637551759
314793,2.1286585484764133,-0.1652431063879492
314797,2.1280966729329243,-0.16417664543747096
314799,2.1301445524703584,-0.16437720806375766
314805,2.1272155406950204,-0.1657793493771917
314849,1.9979247098691197,-0.0652665064250825
314852,1.9985912422814671,-0.06728848014325754
314853,1.9973628343256302,-0.06420004547460542
314865,1.9955385962980667,-0.06226786784502049
314906,1.9912100479686607,-0.04411231757963728
314909,1.9918765803810086,-0.04613429129781111
314910,1.9906481724251712,-0.043045856629158996
314963,1.94814094205754,-0.004323708369131239
314964,1.9677291696502663,-0.02162046231776235
314966,1.9661157177236237,-0.02493090890353386
315021,1.9444893734856845,0.01579725232109806
315023,1.9428759215590419,0.01248680573532656
315030,1.9447566028619767,0.013007099120270642
315077,1.7688656279398094,0.015562733295846577
315078,1.7688656279398094,0.015562733295848936
315079,1.7668350346923167,0.008693153038855332
315081,1.7683037523963197,0.016629194246324835
315083,1.7703516319337544,0.01642863162003806
315091,1.768671194915202,0.014329148250648445
315134,1.7395799862060701,0.026231918563237408
315136,1.7375493929585775,0.01936233830624616
315140,1.741065990200015,0.027097816887428766
315154,1.7389224970830264,0.024690028630321992
315191,1.7151898995252204,0.023500547851175873
315192,1.7151898995252204,0.023500547851178246
315196,1.7167246024678942,0.023983684533269708
315197,1.7166759035191652,0.02436644617536726
315203,1.7137468917438272,0.022964304861933387
315207,1.7127161707385092,0.02672699391761332
315210,1.7143100586065398,0.023872171902089217
315211,1.7145324104021764,0.021958657918260304
315240,1.7161928960787374,0.02769812678039472
315247,1.7327718169849349,0.0034946168795680814
315248,1.7327718169849353,0.0034946168795669435
315251,1.7322099414414458,0.004561077830045221
315303,1.5949055578599898,0.10928858540813412
315305,1.593292105933347,0.10597813882236261
315359,1.4554903620311095,0.2075985853853898
315361,1.453804036059675,0.20366636278844177
315388,1.4577250965637096,0.20997917225432586
315416,1.4247324233527712,0.20120168779830389
315420,1.4241705478092819,0.20226814874878207
315472,1.3032787533426264,0.20080361986401546
315476,1.3027168777991371,0.20187008081449376
315478,1.3047647573365717,0.201669518188207
315482,1.3013826048151929,0.2012525558179848
315484,1.3018357455612333,0.20026737687477297
315528,1.1224794349077731,0.22849889720987224
315529,1.2057248391139295,0.21716833412459316
315534,1.2069758616647233,0.21767143021738958
315535,1.207210843107875,0.21803423244878498
315541,1.2042818313325363,0.21663209113535067
315542,1.2067575966117514,0.21651639583872415
315572,1.2054112248330195,0.21543414122468188
315585,0.9590154396148334,0.36669514563972194
315587,0.9569848463673407,0.3598255653827296
315588,0.9596819720271812,0.3646731719215469
315591,0.9605014436087782,0.3675610439639134
315598,0.9600481971126547,0.3660432073538533
315628,0.9587018253339232,0.36496095273981066
315642,0.9333767043070006,0.39825036566061783
315644,0.9313461110595079,0.3913807854036254
315648,0.9348627083009456,0.39911626398480926
315660,0.9330501206019753,0.3987499442285937
315661,0.9324968633883198,0.3986219897115312
315685,0.9330630900260907,0.3965161727607068
315698,0.9251981617923721,0.37168475925080957
315700,0.9231675685448795,0.36481517899381843
315701,0.92586469420472,0.3696627855326357
315704,0.9266841657863172,0.3725506575750011
315716,0.9248715780873471,0.37218433781878546
315717,0.9243183208736914,0.3720563833017229
315741,0.9248845475114622,0.3699505663508983
315755,0.9187339158165512,0.3409076199759593
315759,0.9181720402730614,0.34197408092643644
315761,0.9202199198104969,0.3417735183001511
315769,0.9185394827919436,0.33967403493076004
315811,0.7666804312136017,0.3912676942358103
315815,0.7661038348309404,0.39220855402489563
315817,0.7681664352075468,0.39213359256000185
315823,0.7652374234322086,0.39073145124656783
315831,0.7660229420905578,0.3897258043028946
315856,0.7656521910148297,0.38898121649609013
315863,0.765888671472428,0.3899768536506895
315867,0.6733004416915519,0.5000299121178012
315871,0.6727385661480622,0.5010963730682771
315879,0.6718574339101586,0.49949366912855875
315923,0.5585165399865052,0.5960792754058923
315924,0.5585165399865053,0.5960792754058947
315929,0.5600025439804501,0.5969451737300837
315935,0.5570735322051119,0.5955430324166499
315936,0.5595492974843265,0.5954273371200237
315966,0.5582029257055952,0.5943450825059811
315979,0.39490842517886193,0.7422707769804638
315983,0.3943465496353725,0.7433372379309409
315985,0.39639442917280754,0.7431366753046557
315992,0.3959411826766833,0.7416188386945952
316022,0.3945948108979519,0.7405365840805528
316049,0.369178517273536,0.7495562843976578
316079,0.36783214549480414,0.7484740297836157
316158,0.3905658300721574,0.6916742155130555
316159,0.37376603281506193,0.7306471424732669
316163,0.37320415727157175,0.731713603423745
316171,0.37232302503366876,0.7301108994840244
316172,0.3747987903128832,0.7299952041873983
316280,0.4287478990182717,0.5108897980639959
316284,0.42817130263561076,0.5118306578530801
316309,0.4309826335508721,0.513270384932932
316367,0.42570155577292806,0.5212259780256245
316394,0.2523967587163134,0.7988041747656376
316398,0.2518348831728239,0.7998706357161158
316406,0.25095375093492023,0.7982679317763951
316451,0.24668649748175314,0.7696234782408792
316455,0.24612462193826362,0.7706899391913575
316463,0.24524348970035986,0.7690872352516367
316508,0.230585414296794,0.7509845943075047
316514,0.23207141829073905,0.7518504926316962
316520,0.22914240651540072,0.7504483513182623
316565,0.24433764510919526,0.7394379575539666
316571,0.24582364910314086,0.7403038558781583
316578,0.2453704026070171,0.7387860192680975
316608,0.24402403082828522,0.7377037646540554
316673,0.24400684526169625,0.7377360648463822
316692,0.24589535995758693,0.7377407601988853
316700,0.24501422771968318,0.7361380562591657
316750,0.2525314519073136,0.741473391484454
316803,0.2545280296926666,0.7497255934321676
316807,0.25396615414917706,0.7507920543826458
316865,0.2542663560726,0.7534255663788876
316913,0.2540495591658412,0.751179928242406
316972,0.25382084257263227,0.7520882307112186
316991,0.25245610222834547,0.7539676965530641
317031,0.25310735026856523,0.7532130989571862
317156,0.2527945182716531,0.7534671416918723
317291,0.24275328866461313,0.7764459794148808
317293,0.24101588027409096,0.7720779113413637
317303,0.24131028088321996,0.7759097364256383
317343,0.2419615289234395,0.7751551388297603
317351,0.23778313860617745,0.7873355150559964
317361,0.23795358275142703,0.7901097186525253
317426,0.23795663405485232,0.7901537720606069
317485,0.23609905358028035,0.7917617312306987
317608,0.2283914573015115,0.7918677341333457
317667,0.2286041112885143,0.7922083095441644
317725,0.2267110008681269,0.7985486643391464
317834,0.17129512114966688,0.9315280985946011
317835,0.1706694091683924,0.9261893980877715
317840,0.17278112514361194,0.9323939969187925
317852,0.17096853744464174,0.932027677162577
317853,0.17041528023098623,0.9318997226455144
317956,0.12438430346661826,0.9783673061725883
317961,0.1264960194418378,0.9845719050036091
317973,0.1246834317428676,0.9842055852473935
317974,0.12413017452921209,0.984077630730331
318033,0.12522449531414218,0.9802236756176455
318352,0.13116469141144077,0.9807409894082947
318583,0.13836709065298985,0.9691737051608802
318593,0.13853753479823944,0.9719479087574092
318610,0.14221527711223297,0.9748647386155878
318626,0.1389523023808606,0.9701976740069314
318643,0.1421249918324828,0.9711660290644156
318651,0.14132065965125443,0.9702185986591138
318691,0.14197190769147408,0.9694640010632357
318710,0.14159590917174877,0.9668468778898377
318750,0.14224715721196843,0.9660922802939597
319080,0.1207632488098099,0.9706730829198249
319084,0.12012457320964506,0.9710842703358844
319086,0.12224925280375507,0.9715389812440163
319092,0.11932024102841673,0.9701368399305823
319288,0.10489016321448327,0.9647744100381566
319373,0.10891335987775405,0.9884426626585044
319378,0.11140264361668126,0.9572284340793762
319392,0.06992302843271053,0.9846517134343141
319394,-0.004172790460848969,1.006424023689912
403582,-0.17952792134852838,1.0298681417722708
403584,-0.1772931868159293,1.0322487286412056
403585,-0.18055616154730056,1.0275816640325504
403639,-0.19915311598610289,1.0209412940687617
403641,-0.1969183814535038,1.0233218809376965
403644,-0.20076656791274575,1.0176308474829903
403696,-0.21714466772394253,1.0229433301865003
403700,-0.2174582820048525,1.0212091372865892
403701,-0.21875811965058534,1.0196328836007287
403753,-0.27913024723539825,1.035876817476753
403754,-0.27975595921667273,1.0305381169699235
403812,-0.28992249484813065,1.0341226366543643
403868,-0.3372492784962842,1.032499578811264
403872,-0.33756289277719415,1.030765385911353
403886,-0.3377880014685601,1.0312231675606667
403925,-0.3560195630711546,1.0302891994904095
403929,-0.3563331773520646,1.0285550065904985
403930,-0.35763301499779765,1.0269787529046377
403931,-0.3549868055733333,1.029637261204541
403932,-0.35510969822164457,1.0303433870804468
403966,-0.3568113228123282,1.028998358905289
403981,-0.51770186066671,0.9626698406896564
403982,-0.5183275726479845,0.9573311401828266
403985,-0.51801547494762,0.9609356477897454
404095,-0.6300607446862453,0.8722053395700493
404096,-0.6042663404069151,0.9424906815586904
404099,-0.6052945806056872,0.9402042038189702
404104,-0.603999111030623,0.939700528357863
404119,-0.6033242688914338,0.943331799762519
404153,-0.6335310549971472,0.9911821230557171
404154,-0.6339778408378429,0.9873700563771967
404214,-0.6506891893112967,1.0027042159739503
404235,-0.6505836175089671,1.0030887052293735
404267,-0.668295098435577,0.9768664771033095
404268,-0.6682950984355776,0.9768664771033106
404269,-0.666060363902978,0.9792470639722444
404270,-0.6693233386343492,0.9745799993635887
404281,-0.6688716948182386,0.977807336892395
404325,-0.6951613190683336,0.9856194311564044
404336,-0.6954879027733587,0.9861190097243804
404338,-0.693675315074388,0.9864853294805962
404345,-0.6966043268497267,0.985083188167162
404366,-0.6959530788095072,0.9843285905712837
404382,-0.7416289134029258,0.9512071865970059
404383,-0.7417877156123789,0.9498522541976498
404386,-0.7419425276838357,0.949472993697095
404443,-0.7441746509174886,0.9458990889191466
404460,-0.7445894185001096,0.9476493236696243
404463,-0.7422043392032354,0.9490266848626944
404498,-0.7453124027182922,0.9582620474698187
404500,-0.7430776681856931,0.9606426343387533
404501,-0.7463406429170645,0.9559755697300982
404512,-0.7458889991009526,0.959202907258903
404556,-0.7465062795527545,0.9656435219610382
404558,-0.7442715450201554,0.9680241088299728
404559,-0.7475345197515267,0.9633570442213175
404614,-0.7678386935080632,0.9795322508475075
404617,-0.7688669337068353,0.977245773107787
404624,-0.7663297056104739,0.9784519413115202
404632,-0.7683861838104766,0.978480243718548
404672,-0.7683525814443289,0.9751914702306275
404683,-0.768679165149354,0.9756910487986032
404687,-0.7692324223630095,0.9755630942815408
404692,-0.7697955892257221,0.9746552272413849
404694,-0.7690100705673728,0.973649580297712
404713,-0.7691443411855022,0.9739006296455072
404759,-0.7690210184316777,0.9736537819288821
404800,-0.7732334887241662,0.9772694090885318
404807,-0.7732464581482812,0.9795031805564186
404811,-0.7737997153619367,0.9793752260393561
404876,-0.7738044927182245,0.9793788351315389
405006,-0.7738143868088836,0.9793827654765589
405071,-0.7738252867604478,0.9793912563866869
405136,-0.7738283287993828,0.9793913824331597
405201,-0.7738380994045936,0.9793959810255225
405265,-0.7740588882506039,0.978270107617263
405286,-0.7734076402103842,0.9775155100213849
405325,-0.7758268970355172,0.9800927001036578
405346,-0.7751756489952976,0.9793381025077795
405386,-0.7770993753872167,0.9818060570664493
405407,-0.776448127346997,0.9810514594705715
405472,-0.7766494912663486,0.98126385636361
405537,-0.7767091059315019,0.9813461063684455
405602,-0.7767881240707479,0.9814486618540226
405667,-0.7768509708749128,0.9815405409181633
405732,-0.7769104989888865,0.9816277403968244
405797,-0.7769474155684436,0.9816997711587787
405836,-0.7798190760087084,0.9839855234529334
405857,-0.7791678279684887,0.9832309258570554
405922,-0.7792266087337145,0.9832721397343707
405963,-0.78006619706843,0.9841286683717946
405984,-0.7794149490282103,0.9833740707759165
406049,-0.7794522598069156,0.9833857554836325
406114,-0.779495317327865,0.9833971831896802
406179,-0.7795426002969316,0.9834282565735847
406244,-0.779589853941269,0.983458100232771
406309,-0.7796394676548065,0.9834656137486371
406374,-0.7797076394195432,0.9834941405972196
406439,-0.7797878596763167,0.9835184417942789
406504,-0.7798490193242145,0.9835368711401494
406569,-0.7800904678722651,0.9837530775646857
406634,-0.7802407446117775,0.9838496954127265
406699,-0.780350996613859,0.9839905543278261
406764,-0.7805059450488425,0.9841095486288578
406829,-0.7806513888890627,0.9842323504142042
406894,-0.7807583044688376,0.9843531385218037
406957,-0.7810216491089836,0.984623323650639
406974,-0.7949190155815709,1.0006549015054351
406996,-0.7860893016503402,0.9897994047898733
407017,-0.7854380536101205,0.9890448071939952
407082,-0.7856422686592613,0.9892281221700553
407147,-0.7858435292515983,0.9894088001785678
407222,-0.7948487821183372,0.9988608097614228
407263,-0.7937611266633341,0.9765003943273617
407275,-0.7981928324005251,0.9930375185545007
407277,-0.8352407418473048,1.0039236736822994
407279,-0.9093365607408644,1.0256959839378976
414460,-0.9638101493208453,0.8892197927611718
479388,-0.9638101493208453,0.8892197927611718
479389,-0.9631436169084977,0.8871978190429968
479396,-0.9621966973942023,0.8925302393469438
479409,-0.9641237636017553,0.8874855998612607
479420,-0.9648508374359116,0.8910503750339641
479435,-0.9643832257509501,0.8878962119829239
479461,-0.9640181917994256,0.887870089116684
479553,-0.9652701477852413,0.8872606596161252
479554,-0.9650029184089491,0.8844705064152978
479555,-0.9630354132526411,0.8896412464850613
479560,-0.9662983879840132,0.8849741818764055
479611,-0.9751643258037337,0.8862970766517766
479612,-0.9748970964274416,0.8835069234509492
479618,-0.9761925660025058,0.8840105989120565
479668,-1.0400501158816866,0.8986431427595676
479669,-1.0089639099525227,0.8926840608913751
479670,-1.0086966805762305,0.8898939076905477
479671,-1.0067291754199224,0.8950646477603111
479727,-1.0359269894276364,0.9030760416518749
479728,-1.0356597600513442,0.9002858884510477
479729,-1.033692254895036,0.905456628520811
479804,-1.0377574835927141,0.9066223739967066
479847,-1.0479391825057707,0.9063576490466136
479851,-1.0483023151031763,0.9063865698284024
479903,-1.0652711988238202,0.899305109777397
479904,-1.0651656270214902,0.8996895990328213
479908,-1.065528180177414,0.8997193740505022
479957,-1.072475115802941,0.8551992728026344
479960,-1.0727887300838512,0.8534650799027236
479961,-1.0726831582815215,0.8538495691581466
480018,-1.09314326077457,0.8437992617658353
480073,-1.1208203091515863,0.8485374918839549
480076,-1.1211339234324964,0.8468032989840436
480078,-1.1197875516537645,0.8478855535980859
480091,-1.1216120688927598,0.8472466512988346
480130,-1.1671020453408145,0.8447624407934874
480133,-1.1674156596217247,0.8430282478935761
480135,-1.1660692878429932,0.8441105025076188
480193,-1.172933508285184,0.8442298922890935
480195,-1.171587136506452,0.8453121469031356
480260,-1.1716436032405992,0.8453473942014846
480325,-1.1716990606859927,0.8453820108789674
480379,-1.1745284064354737,0.8461963656638463
480391,-1.1738535642962848,0.8498276370685011
480436,-1.175226438915879,0.8581948883683617
480437,-1.1749592095395869,0.8554047351675342
480443,-1.176254679114651,0.8559084106286414
480465,-1.1758030352985398,0.8591357481574471
480470,-1.1738706698108137,0.8604871515691517
480494,-1.1804463428942666,0.8694659372010549
480498,-1.1806543853728468,0.868116233556567
480500,-1.1811038320173104,0.8679240472681393
480556,-1.181670383277077,0.8686008033152078
480616,-1.182176513295256,0.8681377234681301
480641,-1.1827031581585479,0.8690794230325015
480771,-1.182724244841754,0.8690600857458967
480800,-1.1849543977371193,0.8646942287273454
480801,-1.184687168360827,0.8619040755265176
480825,-1.18658967509361,0.8611975631832082
480858,-1.189582518318269,0.8622196452837042
480863,-1.1885497608204472,0.8615677069978351
480871,-1.188715175740945,0.8624231611529839
480876,-1.1903742780594426,0.8609288046985836
480882,-1.1910255260996623,0.8616834022944617
480936,-1.1921892926202804,0.8613968208130072
481001,-1.1922462325271865,0.861391342639526
481066,-1.192307624581832,0.8613896536276028
481119,-1.1912808785469873,0.8628217776272323
481122,-1.194366218847954,0.8669347924193981
481124,-1.1929399808654848,0.8613274211728319
481130,-1.1935912289057042,0.8620820187687102
481183,-1.1947182672842451,0.8631442600825764
481248,-1.1947679436849177,0.8631451137432632
481313,-1.1948049881736058,0.8631264168794769
481378,-1.1948523015113448,0.8631037831597775
481443,-1.194913804034364,0.8631079082362766
481508,-1.1949668924493861,0.8631279368396703
481562,-1.196072588879246,0.8622089099088692
481563,-1.1992862384176035,0.8649080032971426
481567,-1.1977316911977436,0.8607145534544688
481632,-1.1977986139564851,0.860686877025587
481697,-1.1978591375255803,0.860657982516683
481735,-1.197859338450552,0.8606600803827978
481746,-1.2122892153395137,0.8552955526242575
481848,-1.2102084406745066,0.864286700892616
481850,-1.2472563501212865,0.875172856020415
481852,-1.321352169014846,0.896945166276013
555178,-1.3267962847746555,0.7818949630793484
555180,-1.3245615502420565,0.7842755499482831
555238,-1.329129176544823,0.7883181666844787
555295,-1.3428508893688964,0.7931039423527436
555370,-1.346841428118053,0.7910425975220009
555371,-1.346758960134776,0.7912580532022547
555474,-1.3666362164198853,0.7976561998113381
555539,-1.366680970002766,0.7976858732260846
555661,-1.3804563507597079,0.8122715462111133
555670,-1.3809134848594997,0.8116084367474384
555688,-1.3810950263598727,0.8126827336271727
555744,-1.3901348224536174,0.8208298159657018
555747,-1.3919484365760002,0.8204916230938607
555778,-1.3898695403126602,0.8159467725636037
555791,-1.3884710388504893,0.8147928903904967
555804,-1.3890021977353362,0.8161502884328834
555840,-1.3969206406518104,0.8158865479157424
555841,-1.3955742688730786,0.8169688025297843
555902,-1.3986907674761857,0.8154982903005651
555920,-1.396209972972219,0.8190122527556164
555952,-1.3995820019467868,0.8074522235773988
555964,-1.3990656433136637,0.8078325711337008
555965,-1.398183500484616,0.8062983414042918
555983,-1.40102500972818,0.8069159805881563
556015,-1.4022643894991151,0.8072520353782482
556016,-1.4009180177203833,0.8083342899922903
556042,-1.4033937829995984,0.8084499852889168
556107,-1.4034410864310314,0.80847807364117
556139,-1.4083872867297151,0.81495596598118
556140,-1.4070409149509833,0.8160382205952221
556205,-1.407040921061428,0.8160324478730026
556270,-1.407042541220452,0.8160277493943888
556335,-1.4070506687294406,0.816013097366262
556419,-1.4092141003458287,0.815923401965183
556471,-1.4062466048812257,0.8152922351069585
556478,-1.4088645511848368,0.8140066118298154
556543,-1.4088703172460006,0.8139699632197804
556608,-1.4088728636335117,0.8139210022093324
556673,-1.4088735468763187,0.8138879801581703
556738,-1.4088781485042974,0.8138588761558815
556803,-1.4088819813249778,0.8138344909172969
556868,-1.408882106671726,0.8137949770121988
556933,-1.4088858799343604,0.8137547580452703
556998,-1.4088824720847037,0.813730981071395
557063,-1.4088830630992586,0.8136899189620268
557128,-1.4088829436607642,0.8136524671710805
557193,-1.4089307928007357,0.8136175954102796
557258,-1.4089761491655253,0.8135838970840734
557323,-1.4090230637787922,0.8135497100752236
557388,-1.40906944055087,0.8135159121711348
557526,-1.4214187436997965,0.8171446305470677
557528,-1.458466653146576,0.8280307856748667
557530,-1.5325624720401354,0.8498030959304645
611103,-1.541549534864267,0.8329568344597593
611104,-1.5421752468455414,0.8276181339529297
611107,-1.5418631491451769,0.8312226415598484
611172,-1.54194105603113,0.8312424733351524
611237,-1.542029341948724,0.8312258562375257
611296,-1.5496745762040218,0.8340899597429744
611350,-1.5505961469867844,0.8324569693537224
611353,-1.5516243871855566,0.8301704916140019
611356,-1.5522095989134272,0.8291465227679509
611407,-1.5668209795914774,0.8342925837595299
611411,-1.5671345938723875,0.8325583908596188
611417,-1.5671475632965026,0.8347921623275057
611421,-1.567700820510158,0.8346642078104433
611486,-1.5677019113730726,0.8346636306168355
611551,-1.5677074092526309,0.8346618427474697
611616,-1.5677265987418711,0.8346650554104654
611746,-1.5677479383750301,0.8346609322092109
611876,-1.5677579662070722,0.8346658126402966
611985,-1.5679182378039795,0.8329401053310697
611991,-1.5695316897306224,0.8296296587452981
611993,-1.5664092499063904,0.8318597957950825
612000,-1.5702416590262485,0.8374088946586826
612003,-1.5670508952266557,0.8331436212003495
612043,-1.5698615399715066,0.8345456804433127
612057,-1.5707413808901867,0.8349173044942259
612059,-1.5705190290945505,0.833003790510397
612072,-1.5713045477528997,0.8340094374540702
612133,-1.5715044228185795,0.8338352404740436
612198,-1.571504736028349,0.8338101948467819
612263,-1.5715306454660622,0.8338159382155346
612328,-1.5715634976616002,0.8338161727395496
612368,-1.5727511123890943,0.8330504123339648
612372,-1.5733043696027496,0.8329224578169022
612374,-1.5730820178071128,0.8310089438330733
612439,-1.5730816821084923,0.830995517880217
612504,-1.573086899475993,0.830991068338217
612569,-1.5730948753791882,0.830986791971001
612634,-1.5731027973229228,0.8309825442581625
612699,-1.5731106674062711,0.8309783243239353
612764,-1.5731184833488963,0.8309741328961349
612829,-1.5731262515576654,0.8309699675272562
612894,-1.5731330333246494,0.8309660027011405
612955,-1.571760524519888,0.8313823124623577
612966,-1.5740708748786054,0.8306425536038354
613027,-1.5743096375380978,0.8307479039408083
613090,-1.574361623627769,0.8307071214308228
613152,-1.5743790306223493,0.8303698887730251
613277,-1.5750003053215282,0.8303438492694979
613339,-1.5750598415763972,0.8303640599842088
613404,-1.575069328759679,0.8303621548682886
613466,-1.5751064906369294,0.8303232907187132
613531,-1.5751101478445981,0.83031816320564
613596,-1.5751131629845707,0.8303167774493476
613661,-1.57512160084585,0.830291595734978
613726,-1.5751282471159855,0.8302816952931997
613791,-1.575132593018339,0.8302822524587242
613856,-1.57516434373027,0.8302768535899158
613984,-1.5752697052760152,0.8296855979977924
614013,-1.5783529128654803,0.8080008969356129
614075,-1.575809587061613,0.8100035341077864
614136,-1.5763257738743204,0.8116685689964241
614167,-1.5764753029282446,0.8208479004612037
614307,-1.5888246060771711,0.8244766188371367
614309,-1.625872515523951,0.8353627739649356
614311,-1.6999683344175105,0.8571350842205334
689172,-1.6553424955901548,0.7873550504354053
689177,-1.654090108879641,0.7873243177829946
689217,-1.657292918608879,0.7859102167568478
689231,-1.6586115491908768,0.7876690846815805
689236,-1.6573598606430833,0.7876430096942292
689260,-1.6680639788431295,0.7834842413821814
689264,-1.6683775931240394,0.7817500484822704
689265,-1.6670312213453076,0.7828323030963125
689323,-1.6704223676070942,0.7774466540580826
689324,-1.6690759958283627,0.778528908672125
689389,-1.669086428774884,0.7785081945723012
689448,-1.669793936469043,0.7735521099422344
689500,-1.6694771568043936,0.7741719058759245
689509,-1.6695891875412665,0.7736413937276126
689527,-1.6709201645857872,0.773635662886682
689562,-1.6733365199999393,0.7721204281810725
689563,-1.6719901482212078,0.7732026827951151
689567,-1.673134936455902,0.7733241089326718
689632,-1.6731395280597414,0.7733206104757692
689694,-1.6732975854641583,0.7733055607693393
689759,-1.6733217843299146,0.7732906871414783
689824,-1.6733438504871456,0.7733026709145814
689889,-1.6733523653431464,0.7732924277140624
689954,-1.673366781768282,0.7732870236939962
690009,-1.6760488540585565,0.7688092722425274
690061,-1.6766049774554481,0.7663020064597118
690070,-1.676717008192321,0.7657714943113999
690135,-1.676736069047552,0.7657567023242947
690200,-1.6767417301149572,0.7657425651589754
690265,-1.6767470900562103,0.7657259753784963
690330,-1.6767538022974091,0.7657220135554172
690395,-1.676769099484996,0.7656960596150633
690445,-1.67967377959787,0.7632835303411674
690458,-1.682058887757392,0.7677962849084665
690461,-1.678806437020546,0.763487046210447
690472,-1.6811167873792632,0.7627472873519248
690504,-1.6816977259548977,0.7582070832306067
690513,-1.6818097566917707,0.7576765710822948
690531,-1.6831407337362907,0.7576708402413643
690596,-1.6831645041770988,0.7576108571044682
690661,-1.6831738360410804,0.757540958622863
690726,-1.6831776303264243,0.757476354869835
690791,-1.6831813777235312,0.7574125163586622
690856,-1.683185079310391,0.7573494259111023
690888,-1.6848840888033827,0.7553419082275941
690901,-1.6872876704025828,0.7598834598832903
690904,-1.684016746226059,0.7555454240968739
690915,-1.6863270965847759,0.7548056652383516
690980,-1.6864342945012776,0.7546283280229348
691045,-1.6865376423150655,0.7544826176462567
691085,-1.7009677201289992,0.7491201877538312
691189,-1.7359348549107723,0.7689974911499885
691191,-1.8100306738043317,0.7907698014055864
739166,-1.793047672239597,0.7290864885827573
739178,-1.7934936036048605,0.7300528471831664
739211,-1.8043040883525976,0.736368422610261
739217,-1.8032713308547756,0.7357164843243921
739235,-1.8061900460661795,0.7367805792792911
739335,-1.805590539938981,0.7368155642190265
739339,-1.805323310562689,0.7340254110181987
739343,-1.8041920384768102,0.7356616820459196
739347,-1.8070335477203745,0.736279321229784
739393,-1.8088191513609015,0.735772229484511
739400,-1.809053356275585,0.7375376075651671
739405,-1.8102621591422952,0.7352359864952684
739535,-1.8103148602720103,0.7352418708976152
739600,-1.8103384825805062,0.7352366334954012
739665,-1.8103490873043149,0.7352233846473174
739730,-1.8103672141800913,0.735225469808391
739795,-1.8103889226924927,0.7352273234072004
739860,-1.8104221702089827,0.7352367517511759
739919,-1.8109962097747927,0.734763955275182
739979,-1.8114152952857179,0.7345394076314619
740044,-1.8114310138005183,0.7345276368316455
740109,-1.8114361103845626,0.7345062810084001
740169,-1.8123693956133755,0.7346580071002745
740234,-1.8123885674739453,0.7346642470246696
740299,-1.8123980799952955,0.7346519003493953
740489,-1.8131029957631553,0.7351376831909294
740614,-1.8137439220837797,0.7347438056982376
740629,-1.8111259757801688,0.7360294289753807
740694,-1.811129904968265,0.7360270917502673
740756,-1.811170952850205,0.7359588813436068
740821,-1.8111775864488342,0.7359549255272654
740882,-1.8116360032896872,0.7362958803650702
740946,-1.8116679199468015,0.7363099682944986
740991,-1.8118846245872866,0.7267760224995323
741051,-1.8169497163123265,0.7325616306246487
741371,-1.8187581920961848,0.7308862210750584
741436,-1.818783607962365,0.7308442887518167
741501,-1.8188081958446494,0.730803722609202
741658,-1.831157498993576,0.7344324409851349
741660,-1.8682054084403557,0.7453185961129338
741665,-1.8307882883720776,0.7463703002993837
741833,-1.8191228350857886,0.7217752899168675
741839,-1.8255267864940203,0.7292119094837798
794788,-1.8437777086706844,0.6985674303084641
794799,-1.8436928170105795,0.6998227560189286
794800,-1.8456694632459973,0.699014018629405
794846,-1.853088316929211,0.7022250959957191
794848,-1.853401931210121,0.7004909030958079
794850,-1.852055559431389,0.7015731577098501
794858,-1.8549781163035028,0.7026590849561779
794871,-1.8532003476660839,0.7016945838474072
794914,-1.8558197302651855,0.699923083723653
794916,-1.8560955785881015,0.7036645167506331
794962,-1.8602599012483472,0.7083102508369232
794974,-1.8621509768913356,0.7087519456230875
794978,-1.8617029090297406,0.7077740078476806
795043,-1.8617507363223207,0.7077937687584326
795108,-1.8617911120512503,0.7078075803806612
795151,-1.8634611787368844,0.7093810024731548
795163,-1.8653516368691228,0.7098186704821582
795169,-1.8673795476437438,0.7175489082645576
795209,-1.8667693517850015,0.7116073152951167
795216,-1.8661989110329102,0.7146628152074229
795221,-1.868658637170663,0.7120372978857107
795225,-1.8682123595663944,0.7110710723058743
795290,-1.8682394898744077,0.7110747930515194
795345,-1.869778661137253,0.7104552980754807
795349,-1.8693336698225091,0.7094965851668625
795408,-1.8704592059012695,0.7092501752893071
795473,-1.8705054305500173,0.7091597992424428
795538,-1.8705510802087213,0.7090705445550641
795691,-1.8829003833576479,0.7126992629309972
795693,-1.9199482928044274,0.723585418058796
795866,-1.8708657194498606,0.7000421118627296
795872,-1.8734889980687668,0.7083744735403089
838331,-1.890504246418267,0.6904618622456778
838489,-1.8896760336548921,0.6949394485916705
838493,-1.8920055718731839,0.6993755395756296
838494,-1.8888086910775683,0.6951429644609501
838497,-1.8911190414362857,0.6944032056024279
838553,-1.889577882768332,0.6981364697079283
838555,-1.8921958290719432,0.6968508464307853
838620,-1.8921992894353064,0.6968525322880835
838685,-1.8922159151214868,0.6968621965873771
839521,-1.890026732108146,0.6984852624013731
839524,-1.8923370824668633,0.6977455035428508
839583,-1.8936212953384934,0.6991516841683472
839648,-1.8936425508753358,0.6991651015490046
839713,-1.8936567450059159,0.6991854494897373
839778,-1.8937023166060019,0.6992376038164838
839843,-1.8937277579102263,0.6992591662015283
839908,-1.8937397916159013,0.6992726066247408
839973,-1.893752828413742,0.6992843967799501
840024,-1.8954222803095693,0.700560219770528
840033,-1.8954759080599635,0.6996924144732524
840093,-1.897904286352266,0.7009927532286993
840158,-1.8980037153544391,0.7010515029870956
840223,-1.898092389590738,0.7011080013599362
840288,-1.8981794079265089,0.7011634426704906
840353,-1.8982647195781588,0.7012177946777846
840418,-1.8983483862726422,0.7012710968196605
840483,-1.8984304664883598,0.7013233864572712
840968,-1.9107797696372864,0.7049521048332043
840970,-1.947827679084066,0.7158382599610031
842163,-1.9270122034095163,0.6514195921890403
842509,-1.9434437666489526,0.66396308114768
844015,-1.9521465420446438,0.6589563515087979
844302,-1.9596462556676784,0.7023017339016749
844347,-1.9580398030449617,0.6714994283590138
847401,-1.9721803586289526,0.6883595868635795
847445,-1.968053431324139,0.6768747911098436
887876,-1.969496439105532,0.6763385481206011
888038,-1.973225047185368,0.676421394834887
888046,-1.974668054966761,0.6758851518456446
888106,-1.9755703205566901,0.6764462407691276
888171,-1.9755792117321818,0.67642253107211
888236,-1.9755879911406509,0.6763991207075143
888301,-1.9755966589530336,0.6763760079286563
888366,-1.9756075138961289,0.6763450705657862
888431,-1.9756145419186384,0.6763245930605278
888490,-1.990044619732572,0.6709621631681023
891429,-2.0132219984019204,0.6471745096175313
892402,-2.0275013544817995,0.665193857428398
892411,-2.017252178776139,0.6688377566206897
893564,-2.039314379436717,0.6315653831710077
893581,-2.0121069442159323,0.6406856659221137
893584,-2.039022338345502,0.6453570832774804
893914,-2.053122966803404,0.6554828495254392
894213,-2.0993868753187575,0.6300932645893135
931195,-2.0991196459424653,0.627303111388486
931197,-2.098477010469247,0.6301474521793508
931199,-2.1008298831001504,0.6295570216000711
931203,-2.1010003272454,0.626782818003542
931361,-2.099962045345662,0.6304996863737089
931368,-2.101405053127055,0.6299634433844664
931369,-2.102334391662057,0.6350115180212657
931419,-2.0998531948067627,0.629276044936905
931426,-2.101296202588156,0.6287398019476625
931491,-2.101300874016634,0.6287466756560551
931550,-2.100651865813676,0.626581248827749
931567,-2.100088698950963,0.627489115867905
931632,-2.100089319918757,0.6274876670749783
931697,-2.100091979712363,0.6275004306316232
931762,-2.100092613490576,0.6275008826146831
931827,-2.1000925561282626,0.6274989537457966
931892,-2.100094789864783,0.6274933783580792
931957,-2.100096519333236,0.6274961342719652
932022,-2.100085753282203,0.627484928451608
932087,-2.1001014250188117,0.6274998806593779
932152,-2.1001060795484197,0.6274988804269922
932217,-2.1001053609874374,0.6275003851075465
932282,-2.100114328383328,0.6275131702578638
932347,-2.1001141100816034,0.627507609383461
932412,-2.100112799478129,0.6275054279078462
932607,-2.1001175899028817,0.6275166351624578
932672,-2.1001187813008277,0.6275122336684287
932802,-2.100121164325839,0.627507663706402
932932,-2.1001216204067843,0.6275021570525793
933039,-2.0997191000898225,0.625393796202077
933101,-2.099798934871952,0.6254337247328512
933166,-2.0998122920422424,0.6254232806152983
933231,-2.0998254404797008,0.6254130027487236
933296,-2.0998383816319133,0.6254028880005927
933361,-2.099851120513444,0.6253929324006066
933426,-2.099863660053226,0.6253831336104091
933491,-2.099876004980039,0.6253734878869422
933556,-2.0998881677683254,0.6253639854386123
933621,-2.099900154937875,0.6253546211295599
933783,-2.1122494580868016,0.6289833395054928
933785,-2.149297367533581,0.6398694946332916
933787,-2.2233931864271406,0.6616418048888896
936274,-2.156089274180599,0.5692097025865216
936509,-2.1305863178543905,0.5930381333168744
936523,-2.1558543150081246,0.5984447868049615
936848,-2.1989605994945443,0.5781919937168315
937105,-2.1501734450239627,0.5358422601923583
937444,-2.2313920234192945,0.5589901001751773
977698,-2.232301888268805,0.5589359125851399
977752,-2.2294995731621983,0.5585390179037343
977861,-2.2352708185132455,0.5600963549241225
977870,-2.2367138262946384,0.5595601119348801
977886,-2.239268437407559,0.5684436936478114
977919,-2.2390675943566936,0.5620072771754366
977920,-2.2374500056083924,0.561276699459049
977929,-2.238893013389785,0.5607404564698066
977990,-2.2395044972516693,0.5609317220102371
978055,-2.2395390732517937,0.5609374068953447
978120,-2.239569706193819,0.5609434448055276
978185,-2.239600784489955,0.5609580972882351
978250,-2.239631381077034,0.5609725227881857
978315,-2.2396615000230753,0.5609867229325273
978380,-2.2396911548671,0.56100070411234
978445,-2.23972033804751,0.5610144614159939
978510,-2.2397490959232824,0.5610280182115075
1072960,-2.2828909741755745,0.7449084216269127
1072972,-2.2801842629765794,0.7458066237953397
1072973,-2.2835272745997894,0.7437595326650613
1072980,-2.2817160356533566,0.7456578019148132
1073045,-2.2817179643032373,0.7456670960016407
1073110,-2.2817228604138458,0.7456739399610733
1073175,-2.2817238119478995,0.7456793023589008
1073240,-2.281724774033604,0.7456809873006759
1073305,-2.281725805385797,0.7456850003869037
1073370,-2.2817270264577494,0.7456882537198066
1073435,-2.2817279301171696,0.7456906261707948
1073487,-2.2805541574465504,0.7458608326422492
1073549,-2.280650607005173,0.7465095397519219
1073614,-2.280655318832196,0.7465413503674657
1073679,-2.280660016645614,0.7465718982320794
1073744,-2.2806646652132287,0.7466021262599076
1073809,-2.2806692652564484,0.7466320391290018
1073874,-2.2806738176698023,0.7466616426439194
1073939,-2.2806783228205108,0.746690939180567
1074004,-2.2806827817798663,0.7467199356935683
