phase_index,target_tip_x,target_tip_y,target_tip_z,generated_tip_x,generated_tip_y,generated_tip_z,target_wrist_x,target_wrist_y,target_wrist_z,generated_wrist_x,generated_wrist_y,generated_wrist_z
0,-344.13604649057294,-218.74906784487604,-329.778012834647,-391.6997778917811,-245.1587107877395,-322.7609452304772,-209.0097303298715,87.56669544590048,-1.0302869668521453e-13,-226.81829278477977,35.76790543123767,-25.851475196154276
1,-345.4319031046994,-233.72050880266363,-296.2171716614067,-400.18761950571593,-259.9551153068788,-289.6978200871852,-206.25929313207521,91.59399649961449,12.598085623220689,-226.52327499523278,36.53566131987807,-14.618597973443265
2,-346.9218619228925,-247.44190389945373,-262.02194806770444,-407.7971218091559,-272.7314254158317,-255.67943217780913,-203.1478851615051,95.31149778394723,24.900684151009813,-225.96478151783862,37.803974553217046,-3.265542177344809
3,-348.51699602933553,-259.9049307878899,-227.24631132641676,-414.4777081494215,-283.74301113649625,-220.9177262380056,-199.69452917582083,98.71973431492643,36.89694062290651,-225.12446551651112,39.46792832146671,8.168155183971841
4,-350.1383234592926,-271.1423630774898,-191.95807598828154,-420.24672153574545,-293.2047616380294,-185.55700824694932,-195.93165819588202,101.82967558797081,48.587984897088496,-224.0060365425142,41.45526463295921,19.656972054064344
5,-351.7184953573769,-281.11343398640406,-156.19263265641726,-424.3728035692897,-300.38141704676536,-149.47863600245637,-191.87601701564643,104.63475260033604,59.95788781629659,-222.38204953811442,43.84997978421561,31.165726436613202
6,-353.20067825752557,-289.8302190548488,-120.00507108272603,-427.276542964736,-306.1434537706432,-113.08076371735689,-187.5592926343203,107.14142001300026,71.00494080023512,-220.3832231799871,46.450636093715964,42.62956091862847
7,-354.5314574358843,-297.2408598258392,-83.42989664015195,-429.1551951148271,-310.75816312380084,-76.44887507633746,-183.0026900043129,109.34120454559127,81.71151961883217,-218.0715577004617,49.21015430073668,54.044014825028825
8,-355.6669810758928,-303.31959930560566,-46.512656803763385,-429.13092208352833,-313.4625680723523,-39.57350277429217,-178.235940517702,111.23213291223696,92.06698385742868,-215.18765379924787,52.186650946246644,65.30089671065828
9,-356.566689482519,-308.01441559302816,-9.295811024919121,-427.7629755737162,-314.94597065604216,-2.6745178219832617,-173.28823766252202,112.80646691214687,102.05380938608081,-211.91427150681736,55.26305223065764,76.38618527571046
10,-357.1951249539423,-311.2640083456463,28.174514289303254,-425.320037347931,-315.46104483444685,34.22596222693586,-168.19217597144112,114.05476326115935,111.65179581408037,-208.33198248387663,58.41381747559332,87.32626406821052
11,-357.5235652379961,-313.00484865807607,65.84542990955515,-420.81132866893313,-314.1985065971268,70.95949706608171,-162.98545230220364,114.96754535039624,120.83974780687413,-204.18235177880302,61.65317271965097,97.90990264774618
12,-357.5299655128724,-313.16578354115063,103.65789469286335,-415.0574772844057,-311.8697146643619,107.47594492479479,-157.71025208490963,115.53405050702013,129.5939086090979,-199.7139685956214,64.91079164895791,108.22064604177095
13,-357.1933622413563,-311.6356972807371,141.54434300718552,-408.1642512211841,-308.55451015363775,143.77217389632196,-152.4151785637216,115.735458337724,137.87863691827704,-194.95870958971258,68.17829734955032,118.26963417355668
14,-356.51197626800615,-308.34394790985067,179.42356469156397,-399.5184331159465,-303.6560571593786,179.5970997946658,-147.1569417104063,115.56228939798515,145.66851242195713,-189.7916750143705,71.4190682270025,127.8419970609983
15,-355.48795893209075,-303.1737831953251,217.201106874414,-389.6567689747254,-297.5070720285494,214.9688415738247,-142.0012174818082,114.99584869242933,152.92392585166482,-184.36689162817444,74.59372662283995,136.99884751603534
16,-354.1386622241787,-295.998943899063,254.76219052597057,-378.7911159782357,-290.179785030065,249.89845024931216,-137.02616300324638,114.01635637738629,159.60064804917917,-178.74268401107392,77.68036830580677,145.75302053077934
17,-352.50168822349013,-286.68600142406757,291.96754899558556,-366.97712351905136,-281.51558529818305,284.3195373160236,-132.32421955861446,112.60351620714063,165.6498781560299,-172.947034597464,80.63509263336431,154.03952756241935
18,-350.64084545011946,-275.0976239201131,328.64883889781606,-354.4131752633606,-271.2700375952022,318.1731325293401,-128.00369835784454,110.7372243112483,171.01837183505725,-167.04248003107352,83.3804500101325,161.76679081488794
19,-348.6529356646915,-261.0969920130418,364.60346104751113,-341.6085143513475,-259.13592103962867,351.47893854604985,-124.19000747533184,108.398439884344,175.64862704368818,-161.1515622969578,85.79547925931291,168.82975611612142
20,-346.6802528217622,-244.47812512879938,399.55337972201716,-329.2987770187284,-245.00198941743486,384.3740584203794,-121.04906397344837,105.55594375244252,179.45459457182253,-155.4259642880998,87.77930340411676,175.19070131573062
21,-344.9274206042659,-225.11711181745306,433.1805551723606,-318.74549078594515,-228.184556408635,416.8747368868796,-118.75600757975042,102.19554196447369,182.36529953641596,-150.13666204747258,89.08032153211408,180.58164711208082
22,-343.682191356533,-202.85168041465,465.0515300123602,-312.00668243131554,-207.9339713373093,448.71228799877105,-117.53323712819338,98.29665925571217,184.28098459627853,-145.72773918210237,89.38439189245537,184.6117590852111
23,-343.34453070466844,-177.56711867080713,494.599990408143,-311.0103733506307,-184.00535227918192,478.88532447162663,-117.63930368473191,93.84833568095522,185.08955101511276,-142.64100797557208,88.53669244311192,186.94439609203963
24,-344.45627818223,-149.24510945991307,521.0753203820786,-316.6696986319938,-156.6440999658442,505.6088065434198,-119.36530018561444,88.85705793446729,184.66533661101965,-141.13402443663023,86.6355977600817,187.42286140088294
25,-347.72840283781386,-118.06544513680345,543.475436114573,-327.9684001762398,-126.50486519811814,527.1286932517494,-123.01521927325811,83.36312339430474,182.87402893716393,-141.0457147259487,84.06834061691544,186.30190452468736
26,-353.9514632672936,-84.62348187350608,560.6322563481174,-342.531461889188,-94.30897458884587,542.9068671265811,-128.7969413496826,77.47556631440027,179.62632490665902,-141.88534156072944,81.24872166106826,184.12540094835785
27,-363.88327556675006,-50.05537108299309,571.2591966294328,-358.54744201369925,-60.57811183023817,552.702325028214,-136.73521093682493,71.3893286141074,174.90148121315676,-143.30377137657695,78.35849161322318,181.22645688738174
28,-377.84239314304716,-16.064034998810662,574.5086551250535,-374.9805270321923,-26.109831777993158,557.0317377932788,-146.47155084797686,65.38572172177234,168.84903532438997,-145.10640739848697,75.41220352923418,177.7564859509325
29,-395.48301907740193,15.579481638924033,570.3737432143034,-391.5439686635779,8.412520511409111,556.4797105464382,-157.30242242447784,59.74708459595388,161.76759960481223,-147.23719607279673,72.37746114488439,173.72786776237078
30,-415.90833735033897,43.67968987266658,559.7197341124254,-408.11292385341676,42.62983977047556,551.1471054309403,-168.41950044413827,54.652982413758494,153.99966958000462,-149.6846847575784,69.23176092242153,169.11861953264463
31,-438.07864800004296,67.82396678217829,543.7791038214864,-424.8822468697532,74.16048105605834,537.7988880025387,-179.171786895613,50.1516329293127,145.81063422725865,-152.78275973546013,65.75173478755653,163.14147906171019
32,-461.0862141997535,88.1987820644306,523.7487182571012,-442.2187100570663,101.91993442800083,519.3590092991209,-189.15609413873509,46.19569820267688,137.35739777461217,-156.41463905991975,61.984330957801134,155.89579839670733
33,-484.25137435578597,105.2228153401591,500.53984825819737,-460.3981824158043,124.06519236596951,495.8532072019324,-198.163009192439,42.703689212575206,128.70903900976893,-160.6272442542583,57.9472891996144,147.09892825027345
34,-507.0743756449415,119.36282507322026,474.8053770594141,-479.50090109983154,138.90681360222544,468.3119442690896,-206.10147726803928,39.590147093578906,119.88484601225923,-165.31469930974876,53.78479982833012,136.69361977461816
35,-529.1861098116374,131.06998342787952,447.01984992119264,-499.1147367708443,146.56018202696885,438.55878376730624,-212.95513193072918,36.77634782226228,110.88161753594048,-170.1637959998891,49.7626322050492,125.08476760827313
36,-550.2921179046513,140.70994223913726,417.5037700671806,-518.6395923188975,148.9168588266857,407.9358425115291,-218.73180012895617,34.19941521948569,101.68560172641472,-174.862287507066,46.080107410860165,112.83633417538002
37,-570.1590539432091,148.60871633086975,386.5097437124723,-537.4276408910804,147.81310323241246,376.7533293589093,-223.468484094823,31.80635291687441,92.28431734871879,-179.123724001496,42.907556884277945,100.33760577670839
38,-588.5908244199841,155.03495760441416,354.23382566494325,-555.163714641641,145.70387208889622,344.905327908439,-227.21213284470247,29.555680200511315,82.66912710968322,-182.8960797802203,40.175399735958194,87.87898844313898
39,-605.4334445726445,160.22060988011754,320.8476147335202,-571.8507557833319,143.47716268970396,312.391371075575,-230.0240788079418,27.414685860552353,72.83933161748114,-186.247935518927,37.77929862309033,75.54633615631198
40,-620.5408973409335,164.3464845653965,286.4918012219208,-587.4998358648756,141.4418633304462,279.2176781651882,-231.96102368471094,25.359890589420974,62.799079072026736,-189.207089181253,35.679872158360666,63.368197241503964
41,-633.8074366016527,167.57428387041034,251.30748265831554,-600.9426636060816,140.5914635397594,244.8150791868056,-233.0936368659686,23.373589715672907,52.562050200593376,-191.49220378157628,34.02455056988788,51.63492859777334
42,-645.1341421426418,170.03140590884647,215.42268561617917,-613.2193366823112,140.3945450314065,209.89369879555477,-233.48960295576597,21.444543776593704,42.14729029430742,-193.48879641431373,32.54195394560885,40.166409216769395
43,-654.4801935098321,171.8351804510641,178.9727118510118,-623.7556325384971,141.17676631367908,174.21675291908159,-233.23225135259412,19.56555432759538,31.583043495430857,-195.0644680505011,31.30828124486696,29.09722927941744
44,-661.8069976007687,173.07369648835413,142.08015005667036,-631.9910136578412,142.97908810579736,137.83265032628137,-232.3984690376961,17.734322591002872,20.90055592849822,-196.2120236826513,30.307128645668467,18.57734952239155
45,-667.0990524794297,173.8177650090821,104.86342523701276,-639.2461599123719,145.2159927485331,101.14728508470441,-231.06694647242875,15.9521171524795,10.135304827259912,-197.17719348945027,29.405034176114377,8.291482429712804
46,-670.3646503352645,174.12250402077166,67.43540366750837,-643.0673490356419,148.35028437336717,63.80054417670727,-229.31733600884274,14.223235672812955,-0.674091756933862,-197.6673695912133,28.743910892343536,-1.195644220387564
47,-671.6465154731216,174.0305551309993,29.901411701996018,-646.355157568231,151.57066603600686,26.37808063558365,-227.23040862092512,12.554097204459234,-11.487354138390842,-198.09389658846916,28.11434085231694,-10.563157383652054
48,-670.99195213554,173.5676846447276,-7.644363660762739,-645.8511303587396,155.00249394990288,-11.379727653636216,-224.88161322626644,10.953513073098591,-22.264003239347254,-198.14406994540605,27.66492380126079,-19.113785160834603
49,-668.4600380413551,172.74623025860836,-45.11764730235971,-644.7777390880565,158.3458241349353,-49.128746965922964,-222.34286899468867,9.43215015593522,-32.963523943372515,-198.15502963317982,27.233260658649282,-27.554692637476442
50,-664.1116253365765,171.56438447423227,-82.44317184872048,-640.0057840585514,161.11427698747843,-86.82067347278473,-219.68178511274354,8.002746591902135,-43.54508695367432,-197.9112590604712,26.916926120047727,-35.28286189467844
51,-658.0181951069774,170.00875936708337,-119.55469556269554,-634.5311330837151,163.62437376169538,-124.41937579251041,-216.96244863801087,6.679541893704708,-53.96810759659454,-197.63508252708158,26.614397816777384,-42.89181292409905
52,-650.2543095927108,168.05375700916778,-156.39408986590723,-625.4478224411775,164.80769589610532,-161.53932999022695,-214.24453186627085,5.478420016474278,-64.19203858676303,-197.19248681327747,26.38277074032312,-49.888524743790974
53,-640.8881318803424,165.65951313344465,-192.90822341982724,-615.5728558922965,165.52664519343733,-198.4387267879961,-211.58371183622117,4.417676741274872,-74.17475016144292,-196.72696224181578,26.160303979717142,-56.766273409045176
54,-629.9823928626199,162.77112016794598,-229.0465584132597,-602.3466219359966,164.2797940194793,-234.4044517467928,-209.03265634022557,3.51841517104212,-83.87136431863777,-196.16437437209328,25.976615010949804,-63.140422797193956
55,-617.592653259809,159.31627130226826,-264.7578791957081,-588.137863209184,162.21960161994997,-269.9055781326566,-206.6419612437413,2.8053500895928796,-93.23239802854283,-195.58736622167802,25.798748578220188,-69.37965912692042
56,-603.7660585564647,155.2017356677032,-299.98616545518234,-571.1599927492748,157.8671181776554,-304.09729696148054,-204.46120209570222,2.3079090580363957,-102.20130686226074,-194.96971648169753,25.637292167245093,-75.23866144704505
57,-588.5405451599113,150.3083717298992,-334.66512095046534,-552.8542111531877,152.02538025326385,-337.29619634271677,-202.5400578463394,2.0617058440618896,-110.71122427779113,-194.35267395796313,25.478822547491934,-80.92046102553527
58,-571.937831714245,144.4787377458797,-368.70682369846327,-532.7104799807003,144.12237891300737,-369.1209434682622,-200.93128962487134,2.112224761447158,-118.67738463613111,-193.73647187664372,25.32448691796723,-86.35699592098251
59,-553.9629913052509,137.50113262919666,-401.9861256502468,-510.8488287742912,133.59046003591172,-398.93565521457487,-199.69362545279165,2.519325415677857,-125.98743229326456,-193.15953441859548,25.172372767420484,-91.54658705213384
60,-534.6331522464095,129.11886005260465,-434.3363448227816,-488.02919368287434,121.43697736416101,-427.45990509713135,-198.88539492591002,3.35395228388456,-132.50498351494355,-192.61479104301094,25.022895873890462,-96.58959360110714
61,-513.9279115062359,118.94820594840598,-465.47347594888015,-463.75587247045553,106.06212318451007,-453.19668989161414,-198.58414237418464,4.72258000274211,-138.01930078950107,-192.16926029214392,24.88425941776907,-101.36675054830849
62,-491.84321682092093,106.460088071519,-494.9326033478352,-438.79741165897286,88.08837672066187,-476.4165601869016,-198.88055186507304,6.771755944668547,-142.22486441220704,-191.85825959506582,24.774422455502258,-105.93114554615465
63,-468.4537139402056,90.9639161840392,-521.945419217375,-413.4644279520379,67.53639412852915,-496.96592465818026,-199.87052393116033,9.693855192756814,-144.68616355197312,-191.72992522818174,24.719829359249964,-110.26808042933467
64,-444.0247336482921,71.48978835474887,-545.0622948113006,-388.155986823896,44.0895064868824,-514.2630368992396,-201.66210877805597,13.765796413555252,-144.69966987643974,-191.89448882020534,24.783460570623,-114.31022443201101
65,-419.44266601742004,47.19507605298623,-561.8964095020369,-363.4885480500695,17.633097207534448,-527.8252581078299,-204.2684815433713,19.246222239323842,-141.37555950708554,-192.52431054976793,25.09395112698048,-117.95525580342434
66,-396.6729692280759,18.281298695024375,-569.2962931941397,-340.39471701414533,-11.973197995191118,-536.9314530449223,-207.44262400387157,26.136253118567605,-134.00009177500897,-193.9600298558927,25.958136777579778,-120.97937611984784
67,-378.110815222642,-12.934916642260845,-565.6980816124732,-320.7616362304529,-44.95244839100916,-539.9842911813662,-210.58540358870607,33.85635379947931,-123.00654976191925,-197.0697044436211,28.28859851893097,-122.76808663804547
68,-364.6548303434451,-43.571734228454716,-552.7487904811617,-310.43050908919975,-79.11310578013058,-532.9727951130737,-213.1325765612913,41.616038063478946,-109.84449641459827,-204.8140997320587,35.77046743722939,-120.91900503853273
69,-355.4946076961787,-72.19692531691929,-533.4374678729179,-323.42749879465856,-86.49049468231286,-512.2082237092461,-214.87864792849814,48.97503823905016,-95.79479909722812,-220.08867121948205,50.81452969428134,-106.16592158284155
70,-349.49260338759285,-98.55748326893415,-509.97708920599246,-333.7679716900861,-109.61552779867941,-488.3825191138952,-215.83922954405608,55.81807758076608,-81.52056289141001,-224.62806192230533,48.00012084780647,-90.9652719244634
71,-345.75753726470964,-122.78987125318919,-483.6964477564581,-343.12645233213846,-136.66221707598675,-465.0445880917135,-216.08611247278475,62.15182129812505,-67.31723918132198,-225.75235146205785,43.739124832382146,-79.68943451637423
72,-343.64717804338886,-145.11318255414375,-455.40015253138694,-352.8349901474181,-162.5789682343838,-440.1613991803308,-215.69747312316204,68.0170796297948,-53.3135565663164,-226.28374367455208,40.31303310507231,-69.05371819652578
73,-342.70044572004286,-165.74618204167,-425.60027166072774,-362.7765740864644,-186.5327157374943,-413.3393816848477,-214.74821968194,73.46187234877047,-39.56082863786935,-226.59790450073933,37.88921703461942,-58.47478318179591
74,-342.61298367570015,-184.8254506754124,-394.597470054421,-372.7111450652229,-208.24799601565638,-384.6551836979621,-213.2880064417472,78.51755659245927,-26.084954319449565,-226.79149497058285,36.4129347594005,-47.76959177576165
75,-343.1523041469678,-202.46082674018265,-362.60339032738517,-382.41315057197085,-227.77185898329702,-354.3913810366107,-211.3609260189846,83.21089692549162,-12.89739075402965,-226.87346544866568,35.74065067397021,-36.8954320378925
