round,evaluation_at_round_end,parent_region_id,child_left,child_right,variable,split_value_normalized,split_value_absolute,local_sensitivity,split_seed_count,parent_volume_log10
0,39542,0,1,2,L3_C0,0.5372597457484469,253.4135084694409,757.2975225797898,3121,0.0
1,56124,2,3,4,L2,0.37104311629104025,136.1546595389537,1012.2629896146994,3859,-0.3346627191322548
1,56124,1,5,6,L3_C0,0.46561132905450386,227.6200784596214,1370.3735488618054,976,-0.269815697779034
2,87728,4,7,8,L3_C0,0.576005088306586,267.36183179037096,877.9411919507838,888,-0.5360418444486531
2,87728,6,9,10,L2,0.38253430157121676,140.0616625342137,443.0794465626032,4880,-1.1447934023173172
2,87728,3,11,12,L3_C0,0.5784440019229398,268.2398406922583,1319.051039225113,3828,-0.7652383403008282
2,87728,5,13,14,B_Z_C1s,0.2652532673706356,-84.50882374657118,604.5079423164063,2254,-0.33197646116315443
3,141213,9,15,16,L31,0.6657224313038959,103.20114038254542,1030.3826359679638,4521,-1.562123018212833
3,141213,7,17,18,L5,0.3665610544430643,187.97465306633543,529.9263387607832,6459,-1.6131596203544827
3,141213,10,19,20,B_Y_C1c,0.593937464066186,33.817487063826945,558.4108120246112,4514,-1.3541805657246786
3,141213,8,21,22,L5,0.40653676466951133,197.5688235206827,1310.219995637541,2684,-0.5740184806027515
3,141213,11,23,24,LRod,0.3615772204154971,60.6208108581696,374.28222798290034,4436,-1.8158443945354175
3,141213,12,25,26,L5,0.36859059127663407,188.46174190639218,1363.4129256029696,3861,-0.8057203481614957
3,141213,14,27,28,B_CenterX,0.4361339795436422,63.17627140832971,890.4935075376065,3110,-0.4658387976933494
3,141213,13,29,30,B_CenterX,0.3725028744744536,36.451207279270534,913.8797192083522,3070,-0.9083157189486912
4,225432,18,31,32,L31,0.6646440033345379,103.05016046683531,2161.0420987122648,5376,-1.8114548588864667
4,225432,15,33,34,B_Y_C1c,0.5992231269421676,35.720325699180336,1235.553256522697,4514,-1.7388298276012872
4,225432,19,35,36,L5,0.3520600122777807,184.49440294666738,715.8001490807327,4224,-1.5804398453911583
4,225432,21,37,38,L5,0.37916973931456777,191.00073743549626,1576.5901620876903,1949,-0.9649186539909633
4,225432,20,39,40,L31,0.6662057039166807,103.2687985483353,1460.7055510281386,4543,-1.745587643183081
4,225432,22,41,42,L5,0.4701757849304563,212.84218838330952,1234.41968280239,1672,-0.8006246607454199
4,225432,17,43,44,L31,0.6677210705807236,103.4809498813013,1242.7243598888897,5251,-2.0490132992235166
4,225432,16,45,46,L5,0.35858295881994995,186.059910116788,1227.7185439259792,3977,-2.0380157834639743
4,225432,24,47,48,B_CenterX,0.37779756960675404,38.674979234836684,893.1211819484964,3979,-2.0107360198403783
4,225432,28,49,50,L2,0.39806289199958916,145.3413832798603,407.53532965589835,3708,-0.7146628736546283
5,314286,31,51,52,L7,0.4444204272275218,244.44204272275218,3390.1101961825766,4693,-1.9888657681478812
5,314286,38,53,54,L2,0.4223852525640701,153.61098587178384,2043.4435549928733,182,-2.136790886047607
5,314286,41,55,56,L2,0.421281689538878,153.23577444321853,1690.7534592423149,275,-1.7702949956517868
5,314286,32,57,58,B_Y_C1c,0.5979373985366597,35.257463473197504,1537.7944197282545,4621,-2.2859487823072007
5,314286,34,59,60,B_Y_C0,0.7809667322581949,34.00301377422093,976.4323489471514,3898,-2.1359271751042592
6,403415,51,61,62,L13,0.290371023960928,34.714134204405376,4442.784364130894,4550,-2.3410717556191316
6,403415,55,63,64,L7,0.4386827407961283,243.86827407961283,2914.7501311976353,6459,-2.867878573192826
6,403415,42,65,66,L7,0.47606188486243384,247.60618848624338,2494.741825840718,2929,-0.849886677206364
6,403415,58,67,68,L2,0.4255629049376682,154.6913876788072,2114.7120346609145,141,-2.6816551039654604
6,403415,52,69,70,L2,0.4190209735252614,152.46713099858889,2526.2934005064417,202,-2.2441194986764015
6,403415,53,71,72,L31,0.666319958939079,103.28479425147107,1521.1906565901345,5895,-3.224937825646138
6,403415,57,73,74,L2,0.422148495010661,153.53048830362474,2774.5839436015262,216,-2.509293064695451
7,479386,62,75,76,L11,0.31573395534307097,38.416055980876386,4049.6114266874356,4369,-2.4900404150342568
7,479386,61,77,78,L11,0.3217197764892463,38.95477988403217,3207.5670184736014,4673,-2.878118479547477
7,479386,65,79,80,L2,0.4221514383253769,153.53148903062814,3543.9794496121995,58,-1.1722232654368667
7,479386,63,81,82,L7,0.386146447440515,238.6146447440515,3779.4164115899625,1577,-3.2257280250072826
7,479386,64,83,84,L3_C1c,0.4425359538822735,-6.321045072949914,1127.279538149234,5438,-3.1186701772197836
8,554954,75,85,86,L6,0.46890248840552745,246.89024884055274,3669.6195920950045,4843,-2.9907191247950577
8,554954,76,87,88,L8_C0,0.18517395064430103,218.5173950644301,3373.961523024854,4683,-2.6548154255041254
8,554954,77,89,90,L6,0.47438017415983724,247.43801741598372,3074.6162531643276,4248,-3.3706407212374776
8,554954,78,91,92,L6,0.4757169896782253,247.57169896782253,2908.8184246482165,3856,-3.0467093249406023
8,554954,82,93,94,L6,0.48361162649277956,248.36116264927796,2081.4257200086936,6946,-4.1474191448644
8,554954,79,95,96,L7,0.4210576775630739,242.1057677563074,3650.0561398911705,3259,-2.2623525174941492
8,554954,84,97,98,B_Y_C1s,0.4975564582686984,-0.8796750232685895,630.1779396115763,4543,-3.372453314604873
8,554954,81,99,100,L13,0.28768734559293346,34.46723579454988,3326.936005468939,3045,-3.2811265295229752
8,554954,83,101,102,L3_C2c,0.5406601957535615,2.846213702749303,917.48572657248,4309,-3.4727216164495474
8,554954,73,103,104,B_Z_C1s,0.3704380411471776,-46.64230518701606,447.3450681999974,5793,-3.599447328377018
8,554954,69,105,106,B_Y_C0,0.7829827905607393,34.42638601775525,1033.7631258488157,7125,-3.3616995255625866
9,610634,85,107,108,theta18_deg,0.606383292562675,102.765995107521,3835.328078034537,5031,-3.3196365873048292
10,688862,107,109,110,L8_C0,0.1833899288125258,218.33899288125258,4823.473218752161,5061,-3.53688936045886
10,688862,108,111,112,L7,0.3956732702252134,239.56732702252134,8861.955649564681,4457,-3.7245630631099513
10,688862,86,113,114,L8_C0,0.18756410012921207,218.7564100129212,4271.43345646243,4488,-3.265544858215539
10,688862,89,115,116,L8_C0,0.18541459052606285,218.54145905260629,3249.8770551426933,4444,-3.6945141910349477
10,688862,87,117,118,L13,0.3852805099911202,43.445806919183056,4740.423919406736,146,-3.3872355332615296
10,688862,88,119,120,L13,0.3816839468135493,43.11492310684653,4555.651864417021,103,-2.743750520896912
10,688862,91,121,122,L8_C0,0.188827996476152,218.8827996476152,3408.8594443600246,3850,-3.3693606629221233
10,688862,90,123,124,L8_C0,0.18506340573533747,218.50634057353375,2983.659797284191,4163,-3.6499689832348494
10,688862,92,125,126,L8_C0,0.18645463964527637,218.64546396452764,2761.0269895295723,3206,-3.327143540549507
10,688862,95,127,128,L6,0.47730427461617636,247.73042746161764,2749.7060559796278,3976,-2.3156743385784466
10,688862,96,129,130,L3_C1c,0.4720642415729804,-3.072933426972156,2152.426762315968,4310,-3.1996200190964577
11,738930,109,131,132,L7,0.3923021775321797,239.23021775321797,10696.804408292352,5068,-4.273513878531856
11,738930,110,133,134,L7,0.39385153693218056,239.38515369321806,10170.950128297107,4297,-3.6248746287193288
12,794621,131,135,136,L7,0.3402895354338014,234.02895354338014,11180.70014403579,105,-4.327687172307604
12,794621,132,137,138,L13,0.41550247133384155,46.22622736271342,5937.941799735582,68,-5.204318068832387
12,794621,133,139,140,L12,0.12709431627277365,10.719244232274814,4094.1769127897905,4495,-3.677336096686204
12,794621,134,141,142,L12,0.12849134899209375,10.782110704644218,4018.7486660101517,3809,-4.568785217848829
12,794621,111,143,144,L8_C0,0.18246950980730844,218.24695098073084,4549.631700419804,4634,-3.775020363219005
12,794621,112,145,146,L12,0.13080778945312027,10.886350525390412,3648.977622996695,4213,-4.6844077834854465
12,794621,127,147,148,L5,0.5293228164082076,227.03747593796982,3713.2946952090874,6,-2.6368790147634185
12,794621,113,149,150,L7,0.40016228053809527,240.01622805380953,8548.478757368288,4651,-3.992395140418565
12,794621,114,151,152,L7,0.4008080201821676,240.08080201821676,8019.994962147373,3503,-3.3557557524791886
12,794621,117,153,154,L6,0.47698873887516724,247.69887388751673,3333.4244035453266,6858,-4.260957252307616
12,794621,116,155,156,L7,0.4099283955785623,240.99283955785623,5968.28218445855,3824,-3.783577564123301
13,838322,149,157,158,L12,0.13669077380609995,11.151084821274498,3331.58003366321,3139,-4.0379530034951925
13,838322,136,159,160,L12,0.12589643105763726,10.665339397593677,4398.658924052398,7335,-5.205198975766791
13,838322,137,161,162,L12,0.12499200462365954,10.62464020806468,4268.00307299114,6851,-5.957982941416667
14,887871,160,163,164,L12,0.2537211929950265,16.41745368477619,4477.325033885379,146,-5.263636082313914
14,887871,159,165,166,L13,0.3907177894293115,43.94603662749666,5383.896480626793,68,-6.105185556969044
14,887871,161,167,168,L6,0.4125734208857497,241.25734208857497,8136.2725185507215,31,-6.861100708079658
14,887871,162,169,170,L12,0.3223833356195479,19.507250102879656,4303.009902995433,115,-6.0159709200149685
14,887871,139,171,172,L13,0.42137149685079356,46.766177710273006,5169.072770843357,57,-4.573209967584317
14,887871,141,173,174,L13,0.41104973523635957,45.81657564174508,5065.1744398802075,56,-5.459911329181293
14,887871,140,175,176,L13,0.37727548570209996,42.7093446845932,5215.986437415929,148,-3.736368775374256
14,887871,142,177,178,L13,0.42516868440195155,47.11551896497954,5108.165107880489,105,-4.628513515368566
14,887871,143,179,180,L12,0.1293484612365371,10.820680755644169,3829.068620128844,5006,-4.513830057871474
15,931194,163,181,182,L13,0.3814669899129942,43.094963071995465,7284.550205152167,179,-6.098583983203534
15,931194,165,183,184,L6,0.41145999588911053,241.14599958891105,8851.858884816456,45,-6.954713519353954
15,931194,168,185,186,theta18_deg,0.45702615556955856,84.84313866834702,4004.8714018034234,110,-7.781450683654028
16,977694,169,187,188,L6,0.425040444602665,242.5040444602665,8967.291155420322,75,-6.662654865946885
16,977694,177,189,190,L12,0.3333648176096923,20.001416792436153,4164.313441236141,99,-5.349862501338494
16,977694,173,191,192,L6,0.414048131746126,241.4048131746126,7289.15881987282,48,-6.229312006057029
16,977694,171,193,194,L7,0.35210953779419074,235.21095377941907,12114.040270818841,285,-5.306968444779928
16,977694,175,195,196,L3_C1c,0.4767646495925179,-2.555888544823027,3895.3138948936617,6095,-4.648358041929014
16,977694,179,197,198,L7,0.35653359433612847,235.65335943361285,10569.783864719742,31,-5.402068791270059
16,977694,180,199,200,L7,0.35506265825803185,235.50626582580318,9174.739875632591,84,-4.573985685955131
16,977694,145,201,202,L13,0.38145334821675225,43.093708035941205,5128.3722767336185,55,-5.567774176991229
16,977694,144,203,204,L12,0.12945387042404402,10.82542416908198,3852.2918570037596,4264,-3.862516404363126
16,977694,146,205,206,L8_C0,0.18397505931618752,218.39750593161875,4621.531498111862,3739,-4.745291957843017
17,1021070,192,207,208,theta18_deg,0.4309447144093776,81.71336572912531,3890.479258493245,134,-7.161183417598256
17,1021070,189,209,210,B_Y_C1c,0.5837132872218417,30.136783399862992,2550.0868002933416,6993,-5.978648483480163
17,1021070,196,211,212,L7,0.3426361595576944,234.26361595576944,13187.57114539017,83,-4.9296609641657945
18,1072735,194,213,214,L6,0.41670490262516496,241.6704902625165,8824.273747120365,70,-6.281727744569084
18,1072735,195,215,216,L7,0.3522270809282935,235.22270809282935,11861.021677618151,204,-4.970053995398291
18,1072735,200,217,218,L12,0.23432946903302967,15.544826106486335,4165.702154122454,106,-5.562682864389158
18,1072735,198,219,220,L6,0.41392501469701787,241.39250146970178,7974.506490822798,41,-6.406788278692881
18,1072735,204,221,222,L7,0.3562480038080921,235.6248003808092,12388.313190444174,104,-3.922724615366419
18,1072735,201,223,224,L2,0.42947801008353753,156.02252342840276,3661.838201662964,18,-6.459371413083595
18,1072735,203,225,226,L13,0.37637044946488524,42.62608135076944,4718.200076455581,47,-4.7504013648206875
18,1072735,205,227,228,L13,0.39235942216494196,44.09706683917466,5716.235033334541,126,-5.4805330062221636
18,1072735,206,229,230,L13,0.37953102735070915,42.91685451626524,5188.461377251699,73,-4.833588525270741
19,1121881,217,231,232,L13,0.37758772995220585,42.73807115560294,5811.873265202147,135,-6.481416498713971
19,1121881,220,233,234,L13,0.3810242738589972,43.05423319502774,5148.774812963414,191,-7.337686036653496
19,1121881,222,235,236,L13,0.36670684720073693,41.7370299424678,5959.2628181815735,118,-4.924286691020564
19,1121881,225,237,238,L7,0.3613556564559303,236.13556564559303,16037.425275419799,20,-5.6669371553398395
20,1169036,238,239,240,L3_C1c,0.476183469470089,-2.6198183582902104,3893.5115180832254,8021,-6.728756785635952
20,1169036,235,241,242,L3_C1c,0.476583287414565,-2.575838384397848,3979.4955285071555,8038,-5.892589638024424
20,1169036,223,243,244,L8_C0,0.1830616273744843,218.30616273744843,4987.15105216615,9957,-7.491320028736099
20,1169036,227,245,246,L12,0.2622558338530243,16.801512523386094,4038.5052608980077,106,-6.323013575854448
20,1169036,229,247,248,L12,0.3055030229142551,18.74763603114148,4043.9534815082557,102,-5.73444978953594
20,1169036,157,249,250,L13,0.3822494657291802,43.16695084708458,4664.622044427806,47,-4.902213801438875
20,1169036,150,251,252,L12,0.1372037245392518,11.174167604266332,3313.359594298337,4302,-4.994195929063426
21,1276401,244,253,254,L5,0.42573175614182296,202.1756214740375,3511.136107692013,7012,-7.579130732837907
21,1276401,245,255,256,L5,0.4258045597781563,202.1930943467575,3159.3680237342633,7665,-7.1433752721625074
21,1276401,247,257,258,L6,0.4304929895568478,243.04929895568478,6192.647303290666,127,-6.43128455970756
21,1276401,243,259,260,L5,0.4252109360771873,202.05062465852495,3287.575681682439,7068,-8.228722709917864
21,1276401,249,261,262,theta18_deg,0.6078315318862347,102.93978382634816,2925.619197707169,5717,-5.790031520946867
22,1347239,261,263,264,L3_C1c,0.4750938214563833,-2.739679639797835,3268.6355013565135,4708,-6.006248295145372
22,1347239,262,265,266,L3_C1c,0.4747888000229393,-2.773231997476678,3203.8215760805824,4475,-6.196558849194682
22,1347239,252,267,268,L13,0.3728807328140204,42.30502741888988,4689.244090353854,181,-5.058287667401504
22,1347239,158,269,270,theta18_deg,0.6075662684121281,102.90795220945537,3466.9362067149036,3447,-4.10178662124998
22,1347239,251,271,272,L13,0.37098730488748577,42.13083204964869,4612.624213796692,134,-5.856830028152682
22,1347239,151,273,274,L12,0.13756972459379746,11.190637606720886,3396.139638184153,4034,-3.400613361814391
22,1347239,152,275,276,L12,0.13844220198928825,11.229899089517971,3404.4026716419176,3921,-4.363939708197692
23,1456828,264,277,278,L8_C1c,0.3540930476741719,-16.049764755841096,2085.290190565617,3519,-6.286166610371884
23,1456828,266,279,280,L5,0.42872813381371105,202.89475211529066,2690.2060435798967,3568,-6.476224870474171
23,1456828,263,281,282,L8_C1c,0.35383988290731966,-16.077612880194835,2092.645089998521,3712,-6.3294689126420725
23,1456828,265,283,284,L3_C1c,0.43536668990245053,-7.109664110730442,3431.7012248835417,84,-6.52005838353219
23,1456828,267,285,286,L12,0.24138510365385596,15.862329664423518,3296.568083479188,188,-5.9928139533366025
24,1539659,285,287,288,theta18_deg,0.606694419385504,102.80333032626048,3491.6006663058806,7740,-6.910932112833904
24,1539659,270,289,290,L13,0.3615434830101602,41.26200043693474,4467.822596242798,96,-4.508020291214686
24,1539659,275,291,292,theta18_deg,0.6063713617279929,102.76456340735915,3399.0942054824523,3774,-5.2226712098596835
24,1539659,273,293,294,L13,0.3826022623292589,43.19940813429182,6433.389005252798,78,-4.262090493965442
24,1539659,271,295,296,theta18_deg,0.6072923230670352,102.87507876804422,2828.243249122848,5795,-6.801438609779487
24,1539659,269,297,298,L13,0.36851386441332384,41.903275526025794,4622.374153696255,164,-4.318192967068339
24,1539659,274,299,300,theta18_deg,0.6073146208834014,102.87775450600816,3260.661775852307,3695,-3.4648893679013866
25,1651459,288,301,302,L3_C1c,0.4753515500801378,-2.7113294911848413,3477.5760787199606,5285,-7.316202004174254
25,1651459,287,303,304,L3_C1c,0.4750525249265505,-2.7442222580794464,3604.277665728174,5634,-7.127962112683375
25,1651459,289,305,306,L12,0.22346410693374594,15.055884812018567,3439.0610981895243,118,-5.506739660590272
25,1651459,291,307,308,L13,0.35923537890481183,41.049654859242686,4671.749688341474,175,-5.439932528016034
25,1651459,293,309,310,L7,0.35803632462299506,235.8036324622995,8920.675024738768,32,-5.148243794697946
26,1733816,305,311,312,L3_C1c,0.4762844761056606,-2.6087076283773314,3558.0400156751075,6796,-6.504519762991812
26,1733816,307,313,314,theta18_deg,0.5411659578340575,94.93991494008691,3043.907658375727,181,-6.452969384819921
26,1733816,310,315,316,theta18_deg,0.6069354134092273,102.83224960910728,3550.1059643127755,5710,-6.120023730954847
26,1733816,295,317,318,theta18_deg,0.5398590304281338,94.78308365137605,2845.778028112861,249,-7.018040818646546
26,1733816,296,319,320,L5,0.42711889529366237,202.50853487047897,2414.9945792379676,4287,-7.2073692185242555
26,1733816,297,321,322,L12,0.23421664701084366,15.539749115487965,3472.1095697575565,159,-5.276335114094611
26,1733816,299,323,324,L13,0.3677186277171507,41.83011374997786,4427.597370437982,197,-3.681475631167845
27,1839322,314,325,326,L3_C1c,0.47513000770523695,-2.7356991524239334,3580.8491383627397,7102,-7.421424477311016
27,1839322,315,327,328,L3_C1c,0.4755418101971677,-2.690400878311557,3549.629089058161,4463,-6.336881252552346
27,1839322,316,329,330,L3_C1c,0.4763418450238589,-2.6023970473755185,3549.629089058161,4235,-6.525559813415654
27,1839322,318,331,332,L5,0.42711889529366237,202.50853487047897,2426.8556964495842,8134,-7.972564243814937
27,1839322,319,333,334,L11,0.2833004247428056,35.4970382268525,3403.7509289843692,145,-8.22690359770414
28,1926122,320,335,336,L11,0.2573891196305422,33.165020766748796,3403.7509289843692,157,-7.251009481808117
28,1926122,321,337,338,theta18_deg,0.5467917874961349,95.61501449953619,3058.5609404880825,146,-6.223381648852492
28,1926122,323,339,340,L3_C1c,0.47666508269375846,-2.5668409036865683,3189.7746187016373,5151,-4.644060108036271
28,1926122,292,341,342,L13,0.3820646141241968,43.149944499426105,4616.884605072924,138,-5.627584522054006
28,1926122,300,343,344,L13,0.3615209496317592,41.25992736612184,4357.973258142864,124,-3.870844636448109
28,1926122,276,345,346,L13,0.37226692118917326,42.24855674940394,4428.417018541681,173,-4.428655290586448
28,1926122,153,347,348,L3_C1c,0.47184553243194577,-3.0969914324859644,2822.3866667075818,5178,-4.582449126311748
29,2030458,340,349,350,L12,0.21938350100508655,14.872257545228894,3612.4731791542617,205,-4.925280395869656
29,2030458,339,351,352,L12,0.2398184065347315,15.791828294062917,3356.5478264553763,154,-4.965846768462557
29,2030458,341,353,354,L5,0.42649295162593265,202.35830839022384,2556.1305523996893,5095,-6.516276885246059
29,2030458,343,355,356,L12,0.23162045458128025,15.42292045615761,3422.656013180804,124,-4.8697015263128165
29,2030458,345,357,358,L12,0.24458320578751874,16.006244260438343,3219.4668778535915,167,-5.36642448589155
30,2117214,353,359,360,L11,0.27934070320715737,35.14066328864416,3449.176903338007,137,-7.5403236209279925
30,2117214,354,361,362,L11,0.2790361234085293,35.113251106767635,3449.176903338007,208,-6.559442886985675
30,2117214,357,363,364,L3_C1c,0.47497826383095254,-2.7523909785952227,3111.647065870379,7002,-6.275825712973974
30,2117214,355,365,366,L3_C1c,0.4759704098231381,-2.6432549194548116,3354.3206777701575,6511,-5.832063349490882
30,2117214,347,367,368,L7,0.40905690867819033,240.90569086781903,6106.029008531119,3922,-4.908649278931723
30,2117214,156,369,370,theta18_deg,0.6101313417366103,103.21576100839324,2896.4654501481223,3818,-4.893652800726349
30,2117214,154,371,372,L3_C1c,0.4710502386838019,-3.1844737447817906,2839.0466001790146,5247,-4.542446212404542
31,2222494,364,373,374,theta18_deg,0.6079556490945822,102.95467789134986,3087.7232420028245,4781,-6.555648429181609
31,2222494,363,375,376,theta18_deg,0.6074705952502465,102.89647143002958,3423.278678334152,4792,-6.599151977273882
31,2222494,367,377,378,theta18_deg,0.6062832728899274,102.7539927467913,2503.128332653606,3746,-4.9446595594784934
31,2222494,370,379,380,L12,0.1454458241034732,11.545062084656294,2807.249189636403,3825,-5.302734477285908
31,2222494,371,381,382,L7,0.4089682170282214,240.89682170282214,6170.0775718193845,3397,-4.869378984214882
31,2222494,368,383,384,theta18_deg,0.6065314370139352,102.78377244167223,2698.6745310228957,3543,-6.007887822151768
31,2222494,369,385,386,L12,0.14532467887485975,11.539610549368689,2754.613103770614,3900,-5.108229465959084
32,2296565,378,387,388,L12,0.14145698875090168,11.365564493790576,2523.879336479766,3969,-5.349475693234659
32,2296565,385,389,390,theta18_deg,0.5099731617290134,91.19677940748161,2854.5587384773594,92,-5.945890093993693
32,2296565,379,391,392,L5,0.426684195217846,202.40420685228304,2763.2372563685412,4096,-6.140033220557097
32,2296565,381,393,394,theta18_deg,0.6079748956385325,102.9569874766239,2430.329918512598,3135,-4.905483438627744
32,2296565,384,395,396,L12,0.14108863003982952,11.348988351792329,2369.920724292704,3092,-6.4129777829587935
33,2404785,387,397,398,L11,0.3666187414405013,42.995686729645115,4004.3639657376434,15,-6.198851284382805
33,2404785,390,399,400,L5,0.4279633725598849,202.71120941437238,2521.445936305613,5690,-6.730627004466479
33,2404785,391,401,402,L6,0.4355919827387686,243.55919827387686,3272.995343720233,170,-7.162696322393535
33,2404785,392,403,404,L6,0.4386025100760469,243.8602510076047,3272.995343720233,118,-6.1833440677490135
33,2404785,388,405,406,B_Z_C1c,0.4977228454338119,-0.8197756438277111,1990.5549446096202,3840,-5.41571363592732
33,2404785,394,407,408,L12,0.14283927226306245,11.42776725183781,2953.6726785920882,2843,-5.312169559524229
34,2480859,399,409,410,L2,0.4235265270472712,153.9990191960722,4055.0787483220693,65,-7.744146998598872
34,2480859,400,411,412,L6,0.4386025100760469,243.8602510076047,3233.076616424645,131,-6.774907928424946
34,2480859,402,413,414,L3_C1c,0.47264341448379027,-3.009224406783069,3334.267564846462,6796,-8.250123322394344
34,2480859,404,415,416,L3_C1c,0.47264341448379027,-3.009224406783069,3239.5246103883424,5725,-7.305858615790529
34,2480859,408,417,418,L12,0.24356448061811603,15.960401627815221,3031.7387817806457,29,-5.3791072946321
34,2480859,407,419,420,B_Y_C0,0.7920154907738426,36.32325306250695,1653.956002813332,2505,-6.15732193063959
35,2598666,395,421,422,L11,0.36387851354680606,42.749066219212544,2789.6775390346215,11,-7.263485766439901
35,2598666,396,423,424,L12,0.2476254879887738,16.14314695949482,2388.2088508907427,83,-6.47902943114514
35,2598666,393,425,426,L12,0.14323054199365529,11.445374389714488,2420.3640283680656,2970,-5.121597791774004
35,2598666,382,427,428,L12,0.14291807480932756,11.43131336641974,2336.6509942092066,3119,-5.96752968113319
35,2598666,383,429,430,L12,0.1411615809606517,11.352271143229327,2331.2425496762817,3402,-6.225034506532272
35,2598666,377,431,432,L12,0.14266800595791862,11.420060268106338,2184.7800911080917,3728,-5.161983973087192
36,2708750,425,433,434,L11,0.3909217133348401,45.18295420013561,2342.809981689703,4,-5.965562156448803
36,2708750,426,435,436,L12,0.2226838243858086,15.020772097361387,2403.955322895667,163,-5.188733815341111
36,2708750,429,437,438,L11,0.36770891863948313,43.093802677553484,2792.328412448045,58,-7.075317992869827
36,2708750,427,439,440,theta18_deg,0.6079916469680717,102.9589976361686,2345.3085441499647,2615,-6.8124425237659345
36,2708750,431,441,442,L11,0.36812953380523733,43.13165804247136,2861.878703341088,29,-6.007657381849265
36,2708750,428,443,444,theta18_deg,0.6054338175576959,102.6520581069235,2524.4877508194863,2769,-6.0345073446735595
36,2708750,430,445,446,L11,0.3744593130435705,43.70133817392134,3654.7057351127173,158,-6.291123042724758
37,2808945,440,447,448,L11,0.401123315722973,46.10109841506757,2700.6303996535694,1,-7.2191472025693955
37,2808945,439,449,450,L61,0.33357787450318277,150.0366811754774,1677.9419734040036,2957,-7.028544911106017
37,2808945,444,451,452,L12,0.263982999418306,16.87923497382377,2255.2131356769783,216,-6.438387484761111
37,2808945,443,453,454,B_Z_C1c,0.4997870965027304,-0.07664525901705588,2071.05643373,2768,-6.252440669102702
37,2808945,372,455,456,L7,0.4093631523314417,240.93631523314417,5954.368998987445,3577,-4.819031786908591
37,2808945,155,457,458,theta18_deg,0.6097415059406821,103.16898071288185,2942.511260747738,4745,-3.8186635738857992
37,2808945,380,459,460,L12,0.25178831442442845,16.33047414909928,2596.522629258708,213,-5.370994876528638
38,2896146,455,461,462,L12,0.14162283758315822,11.37302769124212,2285.336018750422,3015,-4.854717051143401
38,2896146,457,463,464,L12,0.14631783158038517,11.584302421117332,2672.9839008011304,4231,-4.033517814836538
38,2896146,458,465,466,L12,0.1457339156499575,11.558026204248087,2672.9839008011304,3636,-4.227311209536494
38,2896146,459,467,468,L6,0.4366519098436388,243.66519098436387,3234.744204985411,221,-6.276027650911047
38,2896146,456,469,470,theta18_deg,0.6080843441267568,102.97012129521082,2762.369878850609,2974,-5.922047645340494
38,2896146,386,471,472,L12,0.24474464948315142,16.013509226741814,2457.552938795606,272,-5.17642830213556
39,3000168,463,473,474,theta18_deg,0.5318112500242227,93.81735000290672,2718.0807470760465,66,-4.8682205585331
39,3000168,464,475,476,L12,0.3108481415838791,18.98816637127456,2695.2249531883135,177,-4.102221604795729
39,3000168,466,477,478,L12,0.321061398404734,19.44776292821303,2616.8367554036254,93,-4.295718044976192
39,3000168,461,479,480,theta18_deg,0.6058595392593167,102.703144711118,2651.670377198005,2425,-5.703583759395489
39,3000168,468,481,482,L5,0.426530903783191,202.36741690796583,2489.0484912736933,7819,-7.375487355113117
40,3081496,474,483,484,L6,0.43446745322708524,243.44674532270852,4347.944553873776,127,-5.761660215153987
40,3081496,471,485,486,L3_C1c,0.4724962930421942,-3.0254077653586364,3135.4448473830994,8262,-6.1107558355473595
40,3081496,475,487,488,L5,0.4262571380610505,202.30171313465212,2513.497565327571,5129,-4.8172718988442025
40,3081496,477,489,490,L5,0.4262571380610505,202.30171313465212,2513.497565327571,4322,-4.983461212020915
40,3081496,480,491,492,L8_C1c,0.3524318383084389,-16.232497786071725,1800.320535134728,2353,-6.107932739464026
40,3081496,462,493,494,theta18_deg,0.6077149490670776,102.92579388804931,2893.349639675002,2810,-4.9210388966685965
40,3081496,469,495,496,L12,0.14420939917763048,11.489422962993372,2521.436505880118,2720,-6.138083823225119
41,3202216,484,497,498,L3_C1c,0.4725034408697916,-3.0246215043229228,3167.5970186490263,8695,-6.83667540981003
41,3202216,486,499,500,B_Y_C1s,0.49751398458035934,-0.8949655510706407,1885.9775476504462,6068,-6.388530319623765
41,3202216,487,501,502,theta18_deg,0.5329486097273768,93.95383316728521,3018.1983175077357,92,-5.843030820286523
41,3202216,488,503,504,theta18_deg,0.521234761327635,92.5481713593162,3018.1983175077357,106,-4.860259364886396
41,3202216,489,505,506,L6,0.4287632737369947,242.87632737369947,3347.8245310095876,79,-6.009220133463234
41,3202216,490,507,508,L6,0.4340845388108852,243.40845388108852,3347.8245310095876,87,-5.026448678063106
42,3283551,494,509,510,L12,0.20923429927930895,14.415543467568902,3091.554123270078,49,-5.327437138172104
42,3283551,495,511,512,L11,0.3889750199690596,45.00775179721536,2471.455942973529,24,-6.979090255782421
42,3283551,485,513,514,L5,0.42714490499039715,202.5147771976953,2636.8822564757133,6534,-6.436357429935168
42,3283551,479,515,516,L11,0.43872906161684405,49.48561554551596,3179.3509474542816,8,-5.921211809148744
42,3283551,493,517,518,L12,0.22871433997802357,15.292145299011061,2642.248151956746,182,-5.137338977060642
42,3283551,465,519,520,L5,0.425684450840582,202.16426820173967,2528.723205234926,3104,-5.063750575641863
42,3283551,470,521,522,L12,0.1437027442229574,11.466623490033083,2128.17421388426,2727,-6.328855032733655
43,3394001,520,523,524,L6,0.43424681256966435,243.42468125696644,3039.6031523233023,58,-5.106304762474686
43,3394001,521,525,526,L5,0.4213020992791561,201.11250382699745,2725.9964644049805,1583,-7.17138997100508
43,3394001,519,527,528,L6,0.42991061525917557,242.99106152591756,3234.410867948683,78,-6.09369596256323
43,3394001,432,529,530,L11,0.3627188917516034,42.6447002576443,2810.1719794590163,130,-5.228834941992369
43,3394001,522,531,532,L12,0.26046115878432113,16.72075214529445,2674.734858553534,493,-6.396230480517078
43,3394001,496,533,534,L11,0.3882507192185157,44.942564729666415,2961.5032834174035,102,-6.2057163109222575
43,3394001,123,535,536,L7,0.41038723146171774,241.03872314617178,5921.243623625379,4323,-4.382648432976874
44,3484019,524,537,538,L2,0.42298666894929177,153.8154674427592,2297.6088905023184,19,-6.178925754699694
44,3484019,528,539,540,L3_C1c,0.47174855546002326,-3.1076588993974426,2700.5386178738386,4194,-7.12175967111891
44,3484019,535,541,542,theta18_deg,0.6103924777680448,103.24709733216538,2382.810824120008,4013,-4.417248605565566
44,3484019,115,543,544,theta18_deg,0.6105504412840482,103.2660529540858,2869.273828330549,4959,-4.4263702846588675
44,3484019,124,545,546,L7,0.4103262398668568,241.03262398668568,5981.312516457689,3570,-3.7388451632460296
44,3484019,122,547,548,L3_C1c,0.4740000746274168,-2.8599917909841537,2704.3548397573813,3539,-3.4602477097456386
44,3484019,536,549,550,L12,0.14551900566304515,11.548355254837032,2817.795083671257,4125,-5.49853971362142
45,3584788,542,551,552,L3_C1c,0.47349740574612353,-2.9152853679264084,2218.2680184814835,3548,-4.826621272265835
45,3584788,541,553,554,L12,0.14671224526071558,11.6020510367322,2887.03295126193,3676,-4.631639432656684
45,3584788,543,555,556,L7,0.40991432460615157,240.99143246061516,6315.01967526218,3943,-4.640648735188141
45,3584788,549,557,558,theta18_deg,0.6094570704731909,103.1348484567829,2826.7817423803135,4481,-6.335619995106729
45,3584788,550,559,560,theta18_deg,0.6093438502582753,103.12126203099304,2826.7817423803135,3652,-5.566837306185938
45,3584788,548,561,562,L7,0.4087451616677276,240.87451616677276,6067.267729819132,3072,-3.7392620272083965
46,3653546,553,563,564,L3_C1c,0.47424847943616427,-2.8326672620219284,2898.367890617841,3734,-5.465173069139113
46,3653546,552,565,566,L5,0.4263979806255217,202.3355153501252,4991.805471679983,3651,-5.105220756825303
46,3653546,554,567,568,L3_C1c,0.4762795880273974,-2.6092453169862893,2552.604862545503,3126,-4.700543919401071
46,3653546,551,569,570,L12,0.14389427798104867,11.47524250914719,2393.654732371747,3903,-5.151303668384261
46,3653546,556,571,572,L12,0.1457607968974422,11.559235860384899,2595.8729025307525,3402,-5.75054683813903
46,3653546,561,573,574,theta18_deg,0.6060822170428639,102.72986604514367,2495.6617907588457,3415,-3.7756034147989403
47,3757182,564,575,576,L8_C1c,0.35160764864184313,-16.323158649397257,1979.1258965187417,3001,-5.744392531724591
47,3757182,566,577,578,L12,0.1432618513040864,11.446783308683887,2560.3436840398913,3052,-5.148314846690672
47,3757182,568,579,580,L12,0.24380595559418675,15.971268001738403,2721.0436988173938,109,-4.981444418567542
47,3757182,570,581,582,L12,0.30650949159566665,18.792927121805,2478.7364876360257,55,-5.218776268596946
47,3757182,565,583,584,L12,0.14256512672374272,11.415430702568422,2038.0483815207408,3034,-6.129956242532577
47,3757182,569,585,586,B_Z_C1c,0.4994776206734508,-0.1880565575577009,2218.374155272982,2946,-5.993260144014471
48,3844380,545,587,588,theta18_deg,0.6093527699501614,103.12233239401937,2452.6326257955775,2098,-3.7735098853128637
48,3844380,575,589,590,L61,0.3348216932742292,150.22325399113438,1932.5102363316646,2523,-6.198334217863195
48,3844380,576,591,592,theta18_deg,0.5057185548362187,90.68622658034624,3442.1571569305866,285,-5.93255464859336
48,3844380,583,593,594,B_Z_C1c,0.49907159558042025,-0.33422559104872107,2464.590113296402,3004,-6.975942938080252
48,3844380,579,595,596,L8_C1c,0.35246376497819126,-16.228985852398964,1959.6309431290429,4025,-5.925348834314111
48,3844380,585,597,598,B_Y_C1s,0.49597997345108563,-1.4472095576091704,2070.7525555412426,2608,-6.294744109782325
49,3966582,581,599,600,L5,0.4275956651447634,202.6229596347432,3326.287133994208,4925,-5.940142494409127
49,3966582,577,601,602,L8_C1c,0.3538941046050417,-16.07164849344541,1831.7997693387047,2894,-5.992184287652838
49,3966582,578,603,604,L12,0.24506680637180858,16.028006286731387,3091.7932358438247,259,-5.215466741165736
49,3966582,584,605,606,L12,0.24899067278261725,16.204580275217776,2733.4822947375924,242,-6.196755099533087
49,3966582,586,607,608,B_Y_C1s,0.4972646327519527,-0.9847322092970217,1881.518653724593,3200,-6.293836643616229
49,3966582,567,609,610,L12,0.3094198179887215,18.923891809492467,2574.2789709574836,114,-5.022681950102421
50,4085409,609,611,612,L5,0.4289817742590035,202.95562582216084,3109.277867607969,3915,-5.742369697037946
50,4085409,572,613,614,L12,0.27456528440674094,17.355437798303342,2629.5646284040017,145,-5.818967339766987
50,4085409,574,615,616,L12,0.15410133112827104,11.934559900772197,2286.707512974502,3392,-4.180197827831307
50,4085409,563,617,618,L5,0.42482135688785533,201.95712565308528,2459.6298233064167,3249,-5.789167122037121
50,4085409,557,619,620,theta18_deg,0.5314344139795502,93.77212967754602,2597.8973831128615,183,-6.550676875329888
50,4085409,559,621,622,L12,0.2712220664246746,17.20499298911036,2701.8476383273137,161,-5.7819748737697365
51,4187910,613,623,624,L6,0.4330879851657122,243.30879851657122,3274.882038773097,135,-6.640615844163559
51,4187910,617,625,626,L61,0.33198060133420576,149.79709020013087,1697.2898813114664,2968,-6.825499148668983
51,4187910,616,627,628,L12,0.2231169497717294,15.040262739727824,2616.2349460206788,97,-4.25287948628827
51,4187910,620,629,630,L5,0.4272070318936874,202.52968765448497,2257.6008522064735,7004,-7.443399262141868
51,4187910,621,631,632,theta18_deg,0.5267877458361627,93.21452950033952,2390.7661594959777,195,-6.614331428692667
52,4270179,627,633,634,B_Y_C0,0.7903177882754768,35.96673553785013,1968.2264653405973,4285,-5.341250442556602
52,4270179,624,635,636,L3_C1c,0.4723037642747302,-3.046585929779681,3379.5400156067926,6238,-7.700874467929497
52,4270179,629,637,638,L11,0.2861000750131963,35.749006751187665,3850.20054379904,124,-8.462302023500996
52,4270179,632,639,640,L5,0.42738712733100404,202.57291055944097,2301.9854113252577,6463,-7.482444669411681
52,4270179,630,641,642,L3_C1c,0.4713040496319898,-3.1565545404811246,2626.3306318117066,5604,-7.4871063458941824
52,4270179,560,643,644,L12,0.2910092361299732,18.095415625848794,2701.8476383273137,110,-5.975042640786539
53,4374253,643,645,646,L5,0.42711239859120625,202.5069756618895,2257.6008522064735,5193,-6.743911216389801
53,4374253,573,647,648,L12,0.15451735025579777,11.9532807615109,2591.8042332208056,2905,-3.9930718731638777
53,4374253,615,649,650,L61,0.334054210137337,150.10813152060055,1582.3552856261679,2841,-4.99239143765821
53,4374253,618,651,652,L8_C1c,0.3550750797504495,-15.941741227450557,1596.8118991318497,2570,-5.831069131566231
53,4374253,558,653,654,L3_C1c,0.47174831939856554,-3.10768486615779,3016.2277691795507,4312,-6.743951215454578
53,4374253,562,655,656,L12,0.1479970095353129,11.65986542908908,2942.2191117145835,3119,-4.834688825134092
54,4472774,645,657,658,L3_C1c,0.4709933911086878,-3.1907269780443386,3241.6516556967067,4590,-7.763492189591932
54,4472774,646,659,660,L11,0.27893391626540937,35.104052463886845,3850.20054379904,376,-6.7875465546272515
54,4472774,647,661,662,theta18_deg,0.5559781983279373,96.71738379935248,2961.782710484791,65,-4.804094621135778
54,4472774,648,663,664,L12,0.2266214657378814,15.197965958204662,2639.669628441295,177,-4.065967173350361
54,4472774,649,665,666,L6,0.41363155418343867,241.36315541834387,3375.9442931757567,273,-5.468574488052875
54,4472774,654,667,668,L3_C2c,0.5180097449927479,1.2606821494923537,1548.7187288643333,3153,-7.021110328045857
55,4577438,667,669,670,L8_C1c,0.3543089068779617,-16.026020243424213,1815.8879852825007,2630,-7.306772398113814
55,4577438,662,671,672,B_Y_C0,0.7904797054661624,36.00073814789411,1796.5718192381673,4275,-5.886753601859247
55,4577438,663,673,674,B_Y_C0,0.7895078798797555,35.796654774748646,1796.5718192381673,3442,-5.13511181953806
55,4577438,668,675,676,L61,0.3309232134752631,149.63848202128946,1768.142006062636,2696,-7.338072070386593
55,4577438,655,677,678,theta18_deg,0.5983367018919589,101.80040422703506,2732.8787105809133,2774,-5.664435885113683
55,4577438,650,679,680,L5,0.42376738213642257,201.7041717127414,2400.6929602746195,2605,-5.168952560022034
