call,round,region_id,evaluation_start,evaluation_end,evaluation_cost,before_score,after_score,before_tip_mm,before_wrist_mm,before_combined_mm,before_p64_mm,after_tip_mm,after_wrist_mm,after_combined_mm,after_p64_mm,gain_mm,accepted,cumulative_accepted_gain_mm,status
1,5,31,314286,319275,4989,120.53761151933598,75.87976383183515,120.44912942796964,119.84437496116364,120.14713269526611,121.47919394758756,75.65372305946087,75.30963378877921,75.48187449367443,76.31606324158119,44.65784768750083,True,44.65784768750083,completed
2,6,51,403415,407160,3745,77.93707930016207,65.05967556922792,78.33858273629617,75.0369066306648,76.70551121604831,78.41404080787878,64.79656850720745,64.58318130055835,64.68996288919178,65.39989460461945,12.877403730934148,True,57.53525141843498,completed
3,7,62,479386,481733,2347,63.830651051182464,59.869930458285594,63.974551040671116,62.47902110795664,63.2312077200172,64.17367499398742,59.504535631082575,59.541812389073876,59.52317692817835,60.17152470844497,3.9607205928968696,True,61.49597201133185,completed
4,8,75,554954,557411,2457,60.815464400984695,56.62582604384359,60.831778190212944,59.820828095404416,60.328420797345565,61.11211945029137,56.34572744329068,56.22065998236671,56.28322845202863,56.89828806461135,4.189638357141106,True,65.68561036847296,completed
5,9,85,610634,614192,3558,57.0908629635376,54.33542699791552,55.78944250703407,57.199047994392174,56.49864151778536,57.36410018216464,54.03553857724259,53.94678912450235,53.991182086412024,54.58024989675553,2.755435965622084,True,68.44104633409505,completed
6,10,107,688862,691072,2210,54.70106712806483,52.58878480776435,53.800455586752314,54.66945253735744,54.23669450693177,54.93187183956605,52.038861363498185,52.398057502854066,52.218768283452384,52.806595133312506,2.11228232030048,True,70.55332865439553,completed
7,11,109,738930,741543,2613,52.99777017158471,51.65124219657368,52.36208413585326,52.847279033435555,52.60524097600909,53.212633138716896,51.15647070186625,51.4281168749338,51.292473619297944,51.86222901875194,1.3465279750110284,True,71.89985662940656,completed
8,12,131,794621,795576,955,51.58058550146334,50.614366827261,51.206831453292416,51.26722321276505,51.23703623080365,51.79552851085408,50.244874457608105,50.292108775429206,50.26849716442895,50.816232872698876,0.966218674202338,True,72.8660753036089,completed
9,13,136,838322,840529,2207,50.62607469036606,50.055967879044616,49.1985365775133,50.728432699070424,49.96934002702573,50.83300867999825,49.67597341641643,49.76957423478846,49.722795850498144,50.26562117087742,0.5701068113214447,True,73.43618211493035,completed
10,14,160,887871,888477,606,49.324069479404926,49.06082853261008,48.704467984210325,49.19090959814809,48.94829306890153,49.51855181899378,48.44502939430943,48.92618902356593,48.686203617581484,49.25300671154488,0.2632409467948449,True,73.69942306172518,completed
11,15,163,931194,933668,2474,47.720983396145925,47.21203457762331,46.00214202088694,47.84226256081352,46.931221790230815,47.90069695063953,46.662869665324024,47.046695009442125,46.855175363637706,47.38974860100705,0.5089488185226188,True,74.2083718802478,completed
12,16,181,977694,978555,861,46.28290827957308,45.901886203215675,45.73182152719403,46.14237543227943,45.93755713318108,46.466144064213296,45.34507905916858,45.77776906306127,45.56193770722015,46.089780190766554,0.3810220763574037,True,74.58939395660519,completed
13,17,188,1021070,1022115,1045,47.23530203435326,47.0305725781294,46.580167527539004,47.13514333834312,46.858477058157526,47.419031198215364,46.63938335669583,46.76168234137322,46.70057288346864,47.211614990757376,0.20472945622385907,True,74.79412341282905,completed
14,18,208,1072735,1074046,1311,46.176480840060734,45.812605455199936,45.97762911115726,45.71958748530808,45.8487898341378,46.35936677047153,45.42783052714538,45.55794661256254,45.49293508862744,45.99123215085759,0.3638753848607976,True,75.15799879768986,completed
15,19,216,1121881,1122552,671,47.667835903177355,47.38422996053676,47.5132699770189,47.1697106376789,47.34180195953383,47.87667884308825,46.924572738877046,47.19928784879639,47.062130743091636,47.587094001677634,0.28360594264059813,True,75.44160474033046,completed
16,20,231,1169036,1171254,2218,48.980563386141036,48.37059124430139,48.91203302073188,47.70971603959057,48.31461465643461,49.053703929691764,47.950143684024795,47.898444973334044,47.92430129997793,48.446599565345785,0.6099721418396484,True,76.05157688217011,completed
17,21,240,1276401,1278688,2287,49.524359597914156,47.895510069703704,49.2577238331943,49.13626206355555,49.197030432769246,49.735097851440486,47.17680865687485,47.825243535794264,47.50213255373601,48.086628582555065,1.628849528210452,True,77.68042641038056,completed
18,22,254,1347239,1351033,3794,49.73260821568962,48.96260699004411,49.36291345444238,49.419372220356294,49.391150904614946,49.929490775518,48.58300487524871,48.66997985990192,48.626511813370385,49.15723790822864,0.7700012256455153,True,78.45042763602608,completed
19,23,263,1456828,1456991,163,55.61655809239327,55.47966646040006,54.89956602883921,55.537060261285,55.21923311954123,55.87691519905303,54.842174041215856,55.35888449657178,55.101134953246586,55.73854768084474,0.1368916319932083,True,78.58731926801929,completed
20,24,284,1539659,1543561,3902,54.52576180683055,52.3025552568774,53.88258046271546,54.15955208892076,54.02124378331883,54.62057193862145,52.16626104336458,51.67267412481259,51.92005413351152,52.52163088630761,2.2232065499531544,True,80.81052581797243,completed
21,25,288,1651459,1651802,343,55.163175616930445,54.39154248678199,52.62080469175591,55.38315206127543,54.019638182101325,55.415299215702234,54.262155015542355,53.78301647806144,54.023116942704156,54.644241986903005,0.7716331301484587,True,81.58215894812089,completed
22,26,301,1733816,1733979,163,53.77162924604217,53.685809698403716,52.92762979849953,53.72877255434541,53.329705588366025,54.00126796557306,52.8765921942148,53.62980732844671,53.25453143235613,53.91517389316523,0.0858195476384509,True,81.66797849575934,completed
23,27,312,1839322,1843130,3808,54.717356923637745,52.47507407730502,54.64750458952209,53.82821090182841,54.2394047107523,54.92340561271416,52.042844710592135,52.20332465957149,52.123146447060506,52.694594946103734,2.242282846332728,True,83.91026134209207,completed
24,28,325,1926122,1927771,1649,54.01951274622139,52.13601244803936,53.19685202251008,53.99641876807594,53.59812638927903,54.271846266924136,51.74569166377744,51.85444178939388,51.80009526560914,52.36594865373747,1.8835002981820281,True,85.7937616402741,completed
25,29,338,2030458,2034766,4308,55.748845337834204,52.70116961918751,55.75998528400319,54.79545484601678,55.279823763531105,56.00725055382002,52.557526477933486,52.11878380885162,52.33861488037533,52.93701746207154,3.047675718646694,True,88.84143735892079,completed
26,30,349,2117214,2118661,1447,54.72373121169484,52.017505363789326,54.608787780761155,54.057443167119274,54.33381481476586,54.96854754761395,51.54073653374961,51.79098589481778,51.66601272789785,52.238076793043675,2.7062258479055146,True,91.5476632068263,completed
27,31,362,2222494,2224282,1788,56.06658196212084,53.046817753043854,55.52622980420712,55.91183689571294,55.719366926242195,56.3468480305968,52.97078946457108,52.378157922221774,52.67530713638563,53.30004049240821,3.019764209076989,True,94.5674274159033,completed
28,32,374,2296565,2299571,3006,54.00232856349513,52.0935734007412,53.024074033673116,54.041855997734956,53.53538375134883,54.261350789313056,51.80888399700798,51.72611726798845,51.76751717359605,52.33226473650722,1.908755162753934,True,96.47618257865723,completed
29,33,387,2404785,2404948,163,56.477555951784225,56.413123684235146,56.02945688671856,56.28479585132157,56.15727149286012,56.77784759091265,55.767649029429755,56.341615885101845,56.05536708832624,56.71100597877524,0.06443226754907982,True,96.54061484620631,completed
30,34,399,2480859,2485104,4245,55.73490936265024,52.556601413122166,54.64565689231915,55.78941182031981,55.22049568978129,55.99512634982557,52.29575397574549,52.14616271144982,52.221011908142394,52.79301388375984,3.178307949528076,True,99.71892279573439,completed
31,35,415,2598666,2602928,4262,55.52875712610141,52.487438694632765,55.094909231076564,55.254035584272984,55.17452977383981,55.778931313102554,52.062754917099326,52.22504180147838,52.14396149471248,52.715722455610916,3.041318431468646,True,102.76024122720304,completed
32,36,421,2708750,2708913,163,56.85792097089826,56.48276644362611,56.549530139123526,56.515110913632476,56.532323145859756,57.14808394967377,55.94232626765798,56.33090540877922,56.13695205659962,56.769144541102925,0.3751545272721515,True,103.13539575447518,completed
33,37,433,2808945,2809108,163,58.24470170280382,58.17495198348724,57.6448246794815,58.149536928992426,57.89773077325403,58.56222380577165,57.62852013203318,58.04779845582394,57.83853921986667,58.49195939762922,0.06974971931658303,True,103.20514547379176,completed
34,38,447,2896146,2896309,163,57.562137864628404,57.3996872960611,57.449655203289936,56.95434074453208,57.20253408993856,57.85860543034323,57.15113250524626,56.98778200978397,57.06951570246095,57.694619880174585,0.16245056856730145,True,103.36759604235905,completed
35,39,461,3000168,3000331,163,58.598728924568555,58.286611107013655,57.709165814289115,58.58685635514872,58.14966705218502,58.88283264165501,57.101506415785785,58.366348034404986,57.73739090842829,58.567316083902924,0.3121178175548991,True,103.67971385991396,completed
36,40,474,3081496,3085076,3580,57.25730387601806,55.20300915182121,56.759674874112726,57.047357360427206,56.90369791860311,57.53468325656282,54.97724379892649,54.73901332474458,54.8582578810755,55.463704097097974,2.0542947241968434,True,105.7340085841108,completed
37,41,484,3202216,3205239,3023,55.03497115207255,53.687001730726635,53.88328598708063,55.11316706919251,54.50169581381044,55.29585473482599,53.127494539429236,53.53221798590872,53.33024019507099,53.934796825590176,1.3479694213459155,True,107.0819780054567,completed
38,42,497,3283551,3283714,163,53.078082420385606,52.98318356314228,52.08404803478824,53.1093608430192,52.599202792647674,53.31926915096278,52.20571769277338,52.93847964940888,52.57337533109526,53.22333691291697,0.09489885724332225,True,107.17687686270003,completed
39,43,515,3394001,3394164,163,57.9288688024971,57.845322451424295,56.99135041071287,57.91684239515522,57.455959893913146,58.19353792420324,57.00255867116442,57.796799672637455,57.4010528973926,58.10951254638618,0.08354635107280473,True,107.26042321377284,completed
40,44,531,3484019,3484182,163,59.03735298171084,58.9525536608723,58.190429389885296,59.01844788449397,58.60590099671686,59.332745697405194,58.156878307856566,58.911995302088705,58.5356544551616,59.247292438948676,0.0847993208385418,True,107.34522253461138,completed
41,45,540,3584788,3585073,285,57.73593458852518,57.211667811579495,56.880655908283124,57.726462738815385,57.30511982751779,58.023475842304144,56.71403333510129,57.00879021351352,56.861602768227414,57.49270068925825,0.5242667769456872,True,107.86948931155706,completed
42,46,553,3653546,3653969,423,56.89176982316667,56.49316597913165,56.6498554377403,56.32468689716386,56.48750514574182,57.11719556036929,56.15847675523637,56.03531212268254,56.096928241013686,56.7099005339677,0.3986038440350157,True,108.26809315559208,completed
43,47,566,3757182,3757345,163,57.250444462488495,57.110660430072805,57.00384768597672,56.81529701623207,56.90965043843049,57.53424082532151,56.635557429679906,56.894472521737974,56.76516259510479,57.39251384469635,0.13978403241569026,True,108.40787718800777,completed
44,48,575,3844380,3844543,163,55.53097371090561,55.37206922734746,55.12751741843956,54.98935426861081,55.05847918168074,55.66074000000853,54.908612245541356,54.89679051355989,54.902701697734756,55.500572863607196,0.15890448355815323,True,108.56678167156593,completed
45,49,589,3966582,3966745,163,54.844987211187785,54.77291386714785,54.39772176010827,54.352132399086244,54.37493185751113,54.96733546476289,54.24438822988623,54.36315691857048,54.30380504434168,54.89716810833308,0.0720733440399357,True,108.63885501560587,completed
46,50,605,4085409,4085572,163,55.73611225913082,55.57517316416583,53.88332153988736,55.81801629910211,54.859198334179645,55.90484605675753,53.64722070933675,55.66361561113794,54.664716192169195,55.74203741346557,0.16093909496498782,True,108.79979411057086,completed
47,51,612,4187910,4188073,163,57.46718673484937,57.21275252705283,56.9932738203476,57.17559525170118,57.084507325313204,57.71067095380054,56.517352317989925,57.068925776559674,56.793808651675576,57.45355654472052,0.25443420779654247,True,109.0542283183674,completed
48,52,625,4270179,4270472,293,57.391975929971174,57.29784935964889,57.1494540576169,56.6530109003483,56.90177388780884,57.55489130947111,57.00208231203925,56.64441440726643,56.82352977178834,57.45981611396186,0.09412657032228111,True,109.14835488868968,completed
49,53,634,4374253,4374416,163,57.66560738301115,57.40714600301915,57.475240689954056,57.084573671494255,57.2802402387787,57.924690743196926,57.132353445619536,56.94107552761532,57.036794670093386,57.6629004646476,0.25846137999199925,True,109.40681626868168,completed
50,54,645,4472774,4473747,973,57.99459458055553,52.840492507686385,56.37223448547335,58.17896015038691,57.2827208897478,58.292411224233796,52.55485201033374,52.44339033850353,52.49915075515377,53.07268156665855,5.154102072869144,True,114.56091834155083,completed
51,55,657,4577438,4577601,163,52.859371649864755,52.5824302585795,52.30974852269698,52.66272752443652,52.486534753310025,53.0765303498823,51.78938005776447,52.51342416208784,52.15265862827572,52.79683522474566,0.27694139128525563,True,114.83785973283608,completed
