phase_index,phase_equal_arc,wrist_x_mm,wrist_y_mm,wrist_z_mm,tip_x_mm,tip_y_mm,tip_z_mm
0,0,-209.0097303298715,87.566695445900493,-9.5923269327613525e-14,-344.13604649057294,-218.74906784487607,-329.77801283464692
1,0.013157894736842105,-206.25929313207524,91.593996499614477,12.598085623220687,-345.43190310469947,-233.72050880266363,-296.21717166140667
2,0.026315789473684209,-203.14788516150514,95.311497783947217,24.900684151009809,-346.92186192289256,-247.44190389945373,-262.02194806770439
3,0.039473684210526314,-199.69452917582089,98.719734314926413,36.896940622906506,-348.51699602933559,-259.9049307878899,-227.24631132641673
4,0.052631578947368418,-195.93165819588205,101.82967558797081,48.587984897088496,-350.13832345929262,-271.14236307748985,-191.95807598828151
5,0.065789473684210523,-191.87601701564651,104.63475260033603,59.957887816296576,-351.71849535737687,-281.11343398640406,-156.1926326564172
6,0.078947368421052627,-187.55929263432029,107.14142001300027,71.00494080023509,-353.20067825752562,-289.83021905484884,-120.00507108272599
7,0.092105263157894732,-183.00269000431291,109.34120454559127,81.71151961883217,-354.53145743588425,-297.24085982583921,-83.429896640151938
8,0.10526315789473684,-178.23594051770201,111.23213291223698,92.066983857428681,-355.66698107589286,-303.31959930560572,-46.512656803763363
9,0.11842105263157894,-173.28823766252202,112.80646691214689,102.05380938608079,-356.566689482519,-308.01441559302816,-9.2958110249191197
10,0.13157894736842105,-168.19217597144115,114.05476326115935,111.65179581408034,-357.1951249539423,-311.26400834564635,28.174514289303239
11,0.14473684210526316,-162.98545230220367,114.96754535039624,120.83974780687407,-357.52356523799614,-313.00484865807613,65.845429909555151
12,0.15789473684210525,-157.71025208490963,115.53405050702013,129.59390860909787,-357.52996551287242,-313.16578354115057,103.65789469286331
13,0.17105263157894737,-152.41517856372164,115.735458337724,137.87863691827701,-357.19336224135628,-311.63569728073713,141.54434300718549
14,0.18421052631578946,-147.1569417104063,115.56228939798517,145.6685124219571,-356.51197626800615,-308.34394790985073,179.42356469156394
15,0.19736842105263158,-142.0012174818082,114.99584869242933,152.92392585166479,-355.48795893209069,-303.17378319532509,217.20110687441397
16,0.21052631578947367,-137.02616300324644,114.01635637738629,159.60064804917914,-354.13866222417863,-295.99894389906297,254.76219052597048
17,0.22368421052631579,-132.32421955861449,112.60351620714064,165.64987815602987,-352.50168822349013,-286.68600142406763,291.9675489955855
18,0.23684210526315788,-128.00369835784457,110.7372243112483,171.01837183505722,-350.64084545011946,-275.09762392011316,328.64883889781601
19,0.25,-124.19000747533185,108.398439884344,175.64862704368815,-348.65293566469148,-261.09699201304181,364.60346104751108
20,0.26315789473684209,-121.04906397344837,105.55594375244253,179.4545945718225,-346.68025282176222,-244.47812512879935,399.55337972201704
21,0.27631578947368424,-118.75600757975042,102.19554196447368,182.36529953641593,-344.92742060426588,-225.11711181745309,433.18055517236053
22,0.28947368421052633,-117.53323712819336,98.296659255712171,184.2809845962785,-343.682191356533,-202.85168041464993,465.05153001236016
23,0.30263157894736842,-117.63930368473191,93.848335680955202,185.08955101511273,-343.34453070466844,-177.56711867080716,494.59999040814296
24,0.31578947368421051,-119.36530018561443,88.857057934467278,184.66533661101963,-344.45627818222999,-149.2451094599131,521.07532038207853
25,0.32894736842105265,-123.01521927325815,83.363123394304736,182.8740289371639,-347.72840283781386,-118.06544513680348,543.47543611457286
26,0.34210526315789475,-128.79694134968264,77.475566314400282,179.62632490665899,-353.9514632672936,-84.623481873506108,560.63225634811727
27,0.35526315789473684,-136.73521093682493,71.389328614107384,174.90148121315673,-363.88327556675006,-50.055371082993091,571.25919662943272
28,0.36842105263157893,-146.47155084797689,65.385721721772342,168.84903532438994,-377.84239314304716,-16.064034998810666,574.50865512505334
29,0.38157894736842107,-157.30242242447784,59.747084595953872,161.76759960481223,-395.48301907740193,15.579481638924035,570.37374321430332
30,0.39473684210526316,-168.41950044413829,54.652982413758487,153.99966958000459,-415.90833735033897,43.679689872666586,559.71973411242527
31,0.40789473684210525,-179.171786895613,50.151632929312704,145.81063422725862,-438.07864800004296,67.823966782178303,543.77910382148627
32,0.42105263157894735,-189.15609413873514,46.195698202676873,137.35739777461211,-461.08621419975344,88.198782064430631,523.74871825710102
33,0.43421052631578949,-198.16300919243903,42.703689212575206,128.7090390097689,-484.25137435578603,105.22281534015912,500.53984825819737
34,0.44736842105263158,-206.1014772680393,39.590147093578906,119.8848460122592,-507.07437564494154,119.36282507322032,474.80537705941401
35,0.46052631578947367,-212.95513193072918,36.776347822262288,110.88161753594046,-529.18610981163738,131.06998342787961,447.01984992119259
36,0.47368421052631576,-218.73180012895617,34.19941521948568,101.6856017264147,-550.29211790465126,140.70994223913732,417.50377006718054
37,0.48684210526315791,-223.46848409482308,31.806352916874392,92.284317348718758,-570.15905394320896,148.60871633086981,386.50974371247224
38,0.5,-227.21213284470247,29.555680200511329,82.669127109683217,-588.59082441998407,155.03495760441419,354.2338256649432
39,0.51315789473684215,-230.02407880794181,27.414685860552353,72.839331617481122,-605.43344457264448,160.22060988011756,320.84761473352012
40,0.52631578947368418,-231.96102368471094,25.359890589420971,62.799079072026728,-620.54089734093338,164.34648456539654,286.49180122192075
41,0.53947368421052633,-233.09363686596859,23.373589715672903,52.562050200593362,-633.80743660165274,167.57428387041031,251.30748265831545
42,0.55263157894736847,-233.48960295576597,21.444543776593694,42.147290294307417,-645.13414214264185,170.03140590884649,215.42268561617911
43,0.56578947368421051,-233.23225135259412,19.565554327595375,31.583043495430857,-654.48019350983213,171.83518045106416,178.97271185101178
44,0.57894736842105265,-232.39846903769606,17.734322591002876,20.900555928498221,-661.80699760076868,173.0736964883541,142.08015005667031
45,0.59210526315789469,-231.06694647242875,15.952117152479493,10.135304827259914,-667.09905247942959,173.81776500908214,104.86342523701275
46,0.60526315789473684,-229.31733600884274,14.223235672812951,-0.67409175693385526,-670.3646503352644,174.12250402077163,67.435403667508368
47,0.61842105263157898,-227.23040862092509,12.554097204459243,-11.487354138390838,-671.64651547312144,174.03055513099935,29.901411701996025
48,0.63157894736842102,-224.88161322626647,10.953513073098588,-22.26400323934724,-670.99195213554015,173.56768464472756,-7.6443636607627363
49,0.64473684210526316,-222.34286899468867,9.432150155935215,-32.963523943372508,-668.46003804135501,172.74623025860839,-45.1176473023597
50,0.65789473684210531,-219.68178511274357,8.0027465919021239,-43.545086953674307,-664.11162533657637,171.5643844742323,-82.443171848720482
51,0.67105263157894735,-216.9624486380109,6.6795418937047062,-53.968107596594521,-658.01819510697726,170.0087593670834,-119.55469556269551
52,0.68421052631578949,-214.24453186627085,5.4784200164742707,-64.192038586763005,-650.2543095927108,168.05375700916784,-156.39408986590718
53,0.69736842105263153,-211.5837118362212,4.4176767412748505,-74.174750161442887,-640.88813188034237,165.6595131334447,-192.90822341982721
54,0.71052631578947367,-209.03265634022554,3.5184151710421161,-83.871364318637731,-629.98239286261992,162.77112016794604,-229.04655841325965
55,0.72368421052631582,-206.64196124374129,2.8053500895928849,-93.232398028542804,-617.59265325980903,159.31627130226829,-264.75787919570803
56,0.73684210526315785,-204.46120209570225,2.307909058036405,-102.20130686226071,-603.76605855646471,155.20173566770325,-299.98616545518223
57,0.75,-202.54005784633938,2.0617058440619025,-110.7112242777911,-588.5405451599114,150.30837172989925,-334.66512095046528
58,0.76315789473684215,-200.93128962487137,2.1122247614471479,-118.67738463613107,-571.93783171424502,144.47873774587973,-368.70682369846321
59,0.77631578947368418,-199.69362545279165,2.5193254156778382,-125.98743229326449,-553.96299130525085,137.50113262919669,-401.98612565024672
60,0.78947368421052633,-198.88539492591008,3.3539522838845479,-132.50498351494352,-534.63315224640951,129.11886005260467,-434.33634482278148
61,0.80263157894736847,-198.58414237418464,4.722580002742097,-138.01930078950102,-513.92791150623589,118.94820594840601,-465.47347594888009
62,0.81578947368421051,-198.88055186507307,6.7717559446685343,-142.22486441220701,-491.84321682092087,106.46008807151901,-494.93260334783503
63,0.82894736842105265,-199.87052393116039,9.6938551927567964,-144.6861635519731,-468.45371394020555,90.963916184039235,-521.94541921737493
64,0.84210526315789469,-201.66210877805597,13.765796413555259,-144.69966987643969,-444.02473364829211,71.489788354748868,-545.06229481130049
65,0.85526315789473684,-204.26848154337134,19.246222239323835,-141.37555950708551,-419.44266601742004,47.195076052986238,-561.89640950203682
66,0.86842105263157898,-207.4426240038716,26.136253118567609,-134.00009177500894,-396.67296922807594,18.281298695024375,-569.29629319413959
67,0.88157894736842102,-210.58540358870607,33.856353799479315,-123.0065497619192,-378.11081522264192,-12.934916642260836,-565.69808161247306
68,0.89473684210526316,-213.1325765612913,41.616038063478946,-109.84449641459823,-364.65483034344516,-43.571734228454751,-552.74879048116156
69,0.90789473684210531,-214.87864792849817,48.97503823905015,-95.794799097228108,-355.49460769617866,-72.196925316919291,-533.43746787291775
70,0.92105263157894735,-215.83922954405611,55.818077580766079,-81.520562891409995,-349.49260338759285,-98.557483268934163,-509.97708920599229
71,0.93421052631578949,-216.08611247278475,62.15182129812505,-67.31723918132198,-345.75753726470964,-122.78987125318918,-483.69644775645799
72,0.94736842105263153,-215.69747312316204,68.017079629794793,-53.313556566316386,-343.64717804338892,-145.11318255414378,-455.40015253138682
73,0.96052631578947367,-214.74821968193999,73.46187234877047,-39.560828637869328,-342.70044572004292,-165.74618204167001,-425.60027166072763
74,0.97368421052631582,-213.28800644174723,78.517556592459272,-26.084954319449551,-342.61298367570009,-184.82545067541244,-394.59747005442091
75,0.98684210526315785,-211.36092601898457,83.210896925491639,-12.897390754029646,-343.15230414696782,-202.46082674018268,-362.60339032738511
